timestamp,freq_kHz,callsign,raw_line
2025-11-30 09:36:48Z,7022.2,7022.2,DX de W3DAN-#:    7022.2  SM3EVR         CW    24 dB  26 WPM  CQ      0936Z
2025-11-30 09:36:48Z,7024.0,7024.0,DX de W3DAN-#:    7024.0  VP2MMA         CW    11 dB  26 WPM  CQ      0936Z
2025-11-30 09:36:48Z,7009.5,7009.5,DX de OH4KA-#:    7009.5  OM/UT2WW       CW     6 dB  24 WPM  CQ      0936Z
2025-11-30 09:36:48Z,7028.5,7028.5,DX de S50U-#:     7028.5  I2CZG          CW    31 dB  29 WPM  CQ      0936Z
2025-11-30 09:36:48Z,7034.0,7034.0,DX de M1GEO-#:    7034.0  G0SKW          CW    14 dB  22 WPM  CQ      0936Z
2025-11-30 09:36:48Z,7028.5,7028.5,DX de HA1VHF-#:   7028.5  I2CZG          CW    23 dB  29 WPM  CQ      0936Z
2025-11-30 09:36:48Z,7034.9,7034.9,DX de HA1VHF-#:   7034.9  DN2T           CW     8 dB  30 WPM  CQ      0936Z
2025-11-30 09:36:48Z,7029.3,7029.3,DX de KV4TT-#:    7029.3  VE7UF          CW    19 dB  25 WPM  CQ      0936Z
2025-11-30 09:36:48Z,7004.7,7004.7,DX de KV4TT-#:    7004.7  W9VW           CW    31 dB  32 WPM  CQ      0936Z
2025-11-30 09:36:48Z,7028.5,7028.5,DX de DL1HWS-#:   7028.5  I2CZG          CW    31 dB  29 WPM  CQ      0936Z
2025-11-30 09:36:49Z,7015.6,7015.6,DX de N2YCH-#:    7015.6  ZF1A           CW    18 dB  32 WPM  CQ      0936Z
2025-11-30 09:36:49Z,7015.6,7015.6,DX de W3RGA-#:    7015.6  ZF1A           CW    37 dB  31 WPM  CQ      0936Z
2025-11-30 09:36:49Z,7025.0,7025.0,DX de OK1FCJ-#:   7025.0  TK0C           CW    41 dB  28 WPM  CQ      0936Z
2025-11-30 09:36:49Z,7028.5,7028.5,DX de OK1FCJ-#:   7028.5  I2CZG          CW    32 dB  29 WPM  CQ      0936Z
2025-11-30 09:36:49Z,7028.5,7028.5,DX de YO2CK-#:    7028.5  TI2CZG         CW    16 dB  29 WPM  CQ      0936Z
2025-11-30 09:36:49Z,7015.6,7015.6,DX de VE6WZ-#:    7015.6  ZF1A           CW    12 dB  32 WPM  CQ      0936Z
2025-11-30 09:36:49Z,7018.6,7018.6,DX de WA7LNW-#:   7018.6  K3LR           CW    27 dB  26 WPM  CQ      0936Z
2025-11-30 09:36:49Z,7030.6,7030.6,DX de WA7LNW-#:   7030.6  N2MM           CW    29 dB  28 WPM  CQ      0936Z
2025-11-30 09:36:49Z,7028.2,7028.2,DX de YO5LD-#:    7028.2  M6T            CW    18 dB  37 WPM  CQ      0936Z
2025-11-30 09:36:50Z,7010.0,7010.0,DX de ND7K-#:     7010.0  K6RC           CW    22 dB  29 WPM  CQ      0936Z
2025-11-30 09:36:50Z,7024.0,7024.0,DX de ND7K-#:     7024.0  VP2MMA         CW    15 dB  27 WPM  CQ      0936Z
2025-11-30 09:36:50Z,7030.6,7030.6,DX de ND7K-#:     7030.6  N2MM           CW    35 dB  27 WPM  CQ      0936Z
2025-11-30 09:36:50Z,7030.6,7030.6,DX de K5TR-#:     7030.6  N2MM           CW    27 dB  28 WPM  CQ      0936Z
2025-11-30 09:36:50Z,7015.6,7015.6,DX de K5TR-#:     7015.6  ZF1A           CW    36 dB  33 WPM  CQ      0936Z
2025-11-30 09:36:50Z,7015.6,7015.6,DX de NN3RP-#:    7015.6  ZF1A           CW    18 dB  31 WPM  CQ      0936Z
2025-11-30 09:36:50Z,7028.5,7028.5,DX de F5AHD-#:    7028.5  I2CZG          CW     0 dB  29 WPM  CQ      0936Z
2025-11-30 09:36:50Z,7052.2,7052.2,DX de W8WWV-#:    7052.2  KH6LC          CW    26 dB  26 WPM  CQ      0936Z
2025-11-30 09:36:50Z,7014.0,7014.0,DX de PE5TT-#:    7014.0  HB9AGA         CW    21 dB  29 WPM  CQ      0936Z
2025-11-30 09:36:50Z,7030.6,7030.6,DX de AA0O-#:     7030.6  N2MM           CW    21 dB  27 WPM  CQ      0936Z
2025-11-30 09:36:50Z,7015.6,7015.6,DX de NG7M-#:     7015.6  ZF1A           CW    25 dB  32 WPM  CQ      0936Z
2025-11-30 09:36:50Z,7018.1,7018.1,DX de DO4DXA-#:   7018.1  II2T           CW    40 dB  30 WPM  CQ      0936Z
2025-11-30 09:36:50Z,7028.5,7028.5,DX de DO4DXA-#:   7028.5  I2CZG          CW    38 dB  29 WPM  CQ      0936Z
2025-11-30 09:36:50Z,7030.0,7030.0,DX de DG6FL-#:    7030.0  HA8IB          CW     8 dB  26 WPM  CQ      0936Z
2025-11-30 09:36:51Z,7030.6,7030.6,DX de PI4CC-#:    7030.6  N2MM           CW    14 dB  27 WPM  CQ      0936Z
2025-11-30 09:36:51Z,7012.7,7012.7,DX de PI4CC-#:    7012.7  SP8HWM         CW    25 dB  26 WPM  CQ      0936Z
2025-11-30 09:36:51Z,7014.0,7014.0,DX de GX0FRE-#:   7014.0  HB9AGA         CW    16 dB  29 WPM  CQ      0936Z
2025-11-30 09:36:51Z,7018.6,7018.6,DX de GX0FRE-#:   7018.6  K3LR           CW    16 dB  26 WPM  CQ      0936Z
2025-11-30 09:36:51Z,7034.0,7034.0,DX de OK1HRA-#:   7034.0  G0SKW          CW     7 dB  22 WPM  CQ      0936Z
2025-11-30 09:36:51Z,7033.5,7033.5,DX de F4EGZ-#:    7033.5  HG9X           CW    10 dB  34 WPM  CQ      0936Z
2025-11-30 09:36:51Z,7001.6,7001.6,DX de KP3CW-#:    7001.6  K0RF           CW     7 dB  27 WPM  CQ      0936Z
2025-11-30 09:36:51Z,7030.6,7030.6,DX de AC0C-1-#:   7030.6  N2MM           CW    28 dB  27 WPM  CQ      0936Z
2025-11-30 09:36:51Z,7028.5,7028.5,DX de DR4W-#:     7028.5  I2CZG          CW    34 dB  30 WPM  CQ      0936Z
2025-11-30 09:36:51Z,7014.9,7014.9,DX de DR4W-#:     7014.9  DR3W           CW    17 dB  29 WPM  CQ      0936Z
2025-11-30 09:36:51Z,7008.0,7008.0,DX de K3PA-1-#:   7008.0  N6RO           CW    26 dB  27 WPM  CQ      0936Z
2025-11-30 09:36:51Z,7030.6,7030.6,DX de K3PA-1-#:   7030.6  N2MM           CW    28 dB  27 WPM  CQ      0936Z
2025-11-30 09:36:51Z,7030.6,7030.6,DX de K9LC-#:     7030.6  N2MM           CW    36 dB  28 WPM  CQ      0936Z
2025-11-30 09:36:51Z,7003.7,7003.7,DX de KM3T-1-#:   7003.7  PJ4K           CW    11 dB  30 WPM  CQ      0936Z
2025-11-30 09:36:52Z,7030.6,7030.6,DX de K7CO-#:     7030.6  N2MM           CW    29 dB  27 WPM  CQ      0936Z
2025-11-30 09:36:52Z,7024.0,7024.0,DX de KW7MM-2-#:   7024.0  VP2MMA         CW    15 dB  26 WPM  CQ      0936Z
2025-11-30 09:36:52Z,7030.6,7030.6,DX de KW7MM-2-#:   7030.6  N2MM           CW    31 dB  27 WPM  CQ      0936Z
2025-11-30 09:36:52Z,7028.1,7028.1,DX de OH2BBT-#:   7028.1  M6T            CW    21 dB  38 WPM  CQ      0936Z
2025-11-30 09:36:52Z,7004.7,7004.7,DX de NU4F-2-#:   7004.7  W9VW           CW    28 dB  32 WPM  CQ      0936Z
2025-11-30 09:36:52Z,7003.6,7003.6,DX de NU4F-2-#:   7003.6  PJ4K           CW    14 dB  31 WPM  CQ      0936Z
2025-11-30 09:36:52Z,7030.6,7030.6,DX de NU4F-2-#:   7030.6  N2MM           CW    22 dB  28 WPM  CQ      0936Z
2025-11-30 09:36:52Z,7008.0,7008.0,DX de KH6LC-#:    7008.0  N6RO           CW    19 dB  27 WPM  CQ      0936Z
2025-11-30 09:36:53Z,7003.7,7003.7,DX de KD2OGR-#:   7003.7  PJ4K           CW    18 dB  30 WPM  CQ      0936Z
2025-11-30 09:36:53Z,7003.3,7003.3,DX de VE7CC-#:    7003.3  W2FU           CW     3 dB  26 WPM  CQ      0936Z
2025-11-30 09:36:53Z,7003.3,7003.3,DX de VE7CC-#:    7003.3  W2FU           CW     3 dB  26 WPM  CQ      0936Z
2025-11-30 09:36:53Z,7015.6,7015.6,DX de VE7CC-#:    7015.6  ZF1A           CW     9 dB  33 WPM  CQ      0936Z
2025-11-30 09:36:53Z,7015.6,7015.6,DX de VE7CC-#:    7015.6  ZF1A           CW     9 dB  33 WPM  CQ      0936Z
2025-11-30 09:36:53Z,7014.9,7014.9,DX de DL9GTB-#:   7014.9  DR3W           CW    31 dB  29 WPM  CQ      0936Z
2025-11-30 09:36:53Z,7030.6,7030.6,DX de K5EM-#:     7030.6  N2MM           CW    14 dB  27 WPM  CQ      0936Z
2025-11-30 09:36:53Z,7030.1,7030.1,DX de SE5E-#:     7030.1  WF4DX          CW    28 dB  27 WPM  CQ      0936Z
2025-11-30 09:36:53Z,7015.6,7015.6,DX de TI7W-#:     7015.6  ZF1A           CW     8 dB  33 WPM  CQ      0936Z
2025-11-30 09:36:53Z,7030.6,7030.6,DX de K6FOD-#:    7030.6  N2MM           CW    16 dB  27 WPM  CQ      0936Z
2025-11-30 09:36:53Z,7030.6,7030.6,DX de KW7MM-#:    7030.6  N2MM           CW    23 dB  27 WPM  CQ      0936Z
2025-11-30 09:36:53Z,7030.6,7030.6,DX de W6YX-#:     7030.6  N2MM           CW    25 dB  28 WPM  CQ      0936Z
2025-11-30 09:36:53Z,7025.0,7025.0,DX de YO2KAR-#:   7025.0  TK0C           CW    15 dB  31 WPM  CQ      0936Z
2025-11-30 09:36:53Z,7014.9,7014.9,DX de DM5GG-#:    7014.9  DR3W           CW     7 dB  29 WPM  CQ      0936Z
2025-11-30 09:36:54Z,7030.6,7030.6,DX de K4PP-#:     7030.6  N2MM           CW    45 dB  28 WPM  CQ      0936Z
2025-11-30 09:36:54Z,7053.0,7053.0,DX de KM3T-3-#:   7053.0  PW2K           CW    10 dB  34 WPM  CQ      0936Z
2025-11-30 09:36:54Z,7018.2,7018.2,DX de OK2ZAW-#:   7018.2  II2T           CW    16 dB  31 WPM  CQ      0936Z
2025-11-30 09:36:54Z,7031.1,7031.1,DX de OK2ZAW-#:   7031.1  PA7RA          CW    15 dB  27 WPM  CQ      0936Z
2025-11-30 09:36:54Z,7030.6,7030.6,DX de VE6JY-#:    7030.6  N2MM           CW    22 dB  27 WPM  CQ      0936Z
2025-11-30 09:36:54Z,7014.9,7014.9,DX de ES4O-#:     7014.9  DR3W           CW    19 dB  29 WPM  CQ      0936Z
2025-11-30 09:36:54Z,7026.1,7026.1,DX de ES4O-#:     7026.1  LY2AT          CW    39 dB  26 WPM  CQ      0936Z
2025-11-30 09:36:54Z,7015.6,7015.6,DX de VE6WZ-3-#:   7015.6  ZF1A           CW    12 dB  32 WPM  CQ      0936Z
2025-11-30 09:36:57Z,7008.0,7008.0,DX de JO1YYP-#:   7008.0  N6RO           CW    31 dB  26 WPM  CQ      0936Z
2025-11-30 09:36:57Z,7058.0,7058.0,DX de MM0ZBH-#:   7058.0  PJ2T           CW    18 dB  31 WPM  CQ      0936Z
2025-11-30 09:36:57Z,7012.1,7012.1,DX de F6KGL-#:    7012.1  ES9C           CW     7 dB  34 WPM  CQ      0936Z
2025-11-30 09:36:57Z,7022.5,7022.5,DX de F6KGL-#:    7022.5  9A1A           CW    20 dB  31 WPM  CQ      0936Z
2025-11-30 09:36:58Z,7030.6,7030.6,DX de WE9V-#:     7030.6  N2MM           CW    24 dB  27 WPM  CQ      0936Z
2025-11-30 09:36:58Z,7030.6,7030.6,DX de M9PSY-#:    7030.6  N2MM           CW    14 dB  28 WPM  CQ      0936Z
2025-11-30 09:36:58Z,7018.6,7018.6,DX de K1RA-#:     7018.6  K3LR           CW    23 dB  25 WPM  CQ      0936Z
2025-11-30 09:36:58Z,7030.6,7030.6,DX de K9IMM-#:    7030.6  N2MM           CW    31 dB  28 WPM  CQ      0936Z
2025-11-30 09:36:58Z,7014.9,7014.9,DX de SM7IUN-#:   7014.9  DR3W           CW    21 dB  29 WPM  CQ      0936Z
2025-11-30 09:36:58Z,7007.8,7007.8,DX de SM7IUN-#:   7007.8  LZ9W           CW    16 dB  28 WPM  CQ      0936Z
2025-11-30 09:36:58Z,7052.2,7052.2,DX de N2CR-#:     7052.2  KH6LC          CW     9 dB  25 WPM  CQ      0936Z
2025-11-30 09:36:58Z,7015.6,7015.6,DX de N2CR-#:     7015.6  ZF1A           CW    12 dB  32 WPM  CQ      0936Z
2025-11-30 09:36:58Z,7007.8,7007.8,DX de HA8TKS-#:   7007.8  LZ9W           CW    15 dB  29 WPM  CQ      0936Z
2025-11-30 09:36:58Z,7030.6,7030.6,DX de KW7MM-3-#:   7030.6  N2MM           CW    28 dB  28 WPM  CQ      0936Z
2025-11-30 09:36:58Z,7015.6,7015.6,DX de KW7MM-3-#:   7015.6  ZF1A           CW    40 dB  31 WPM  CQ      0936Z
2025-11-30 09:36:58Z,7021.4,7021.4,DX de KW7MM-3-#:   7021.4  KB4DX          CW    42 dB  33 WPM  CQ      0936Z
2025-11-30 09:36:58Z,7010.0,7010.0,DX de BG4GOV-#:   7010.0  K6RC           CW    18 dB  29 WPM  CQ      0936Z
2025-11-30 09:36:58Z,7014.9,7014.9,DX de DK9IP-1-#:   7014.9  DR3W           CW     7 dB  29 WPM  CQ      0936Z
2025-11-30 09:36:58Z,7030.6,7030.6,DX de N9CO-#:     7030.6  N2MM           CW    37 dB  28 WPM  CQ      0936Z
2025-11-30 09:36:58Z,7014.9,7014.9,DX de DF7GB-#:    7014.9  DR3W           CW    18 dB  29 WPM  CQ      0936Z
2025-11-30 09:36:58Z,7030.8,7030.8,DX de F4BPO-#:    7030.8  SE6K           CW    21 dB  24 WPM  CQ      0936Z
2025-11-30 09:36:58Z,7008.0,7008.0,DX de W8WTS-#:    7008.0  N6RO           CW    22 dB  27 WPM  CQ      0936Z
2025-11-30 09:36:58Z,7018.6,7018.6,DX de KM3T-5-#:   7018.6  K3LR           CW    21 dB  27 WPM  CQ      0936Z
2025-11-30 09:36:58Z,7021.4,7021.4,DX de KM3T-5-#:   7021.4  KB4DX          CW    37 dB  32 WPM  CQ      0936Z
2025-11-30 09:36:59Z,7030.6,7030.6,DX de NT6Q-#:     7030.6  N2MM           CW    27 dB  27 WPM  CQ      0936Z
2025-11-30 09:36:59Z,7021.3,7021.3,DX de NT6Q-#:     7021.3  KB4DX          CW    37 dB  34 WPM  CQ      0936Z
2025-11-30 09:36:59Z,7021.8,7021.8,DX de DK9IP-#:    7021.8  SP4TKR         CW    12 dB  30 WPM  CQ      0936Z
2025-11-30 09:36:59Z,7030.8,7030.8,DX de DK9IP-#:    7030.8  SE6K           CW    16 dB  24 WPM  CQ      0936Z
2025-11-30 09:36:59Z,7030.6,7030.6,DX de WV4P-#:     7030.6  N2MM           CW    42 dB  28 WPM  CQ      0936Z
2025-11-30 09:36:59Z,7015.0,7015.0,DX de ON7KEC-#:   7015.0  DR3W           CW    25 dB  29 WPM  CQ      0936Z
2025-11-30 09:36:59Z,7006.9,7006.9,DX de ON7KEC-#:   7006.9  KC1XX          CW    17 dB  29 WPM  CQ      0936Z
2025-11-30 09:36:59Z,7008.0,7008.0,DX de WS3W-#:     7008.0  N6RO           CW    13 dB  27 WPM  CQ      0936Z
2025-11-30 09:36:59Z,7007.4,7007.4,DX de WS3W-#:     7007.4  W7VJ           CW    12 dB  28 WPM  CQ      0936Z
2025-11-30 09:36:59Z,7018.2,7018.2,DX de TK0C-7-#:   7018.2  II2T           CW    32 dB  30 WPM  CQ      0936Z
2025-11-30 09:36:59Z,7026.1,7026.1,DX de F6IIT-#:    7026.1  TM2AT          CW     8 dB  26 WPM  CQ      0936Z
2025-11-30 09:36:59Z,7007.8,7007.8,DX de F6IIT-#:    7007.8  LZ9W           CW    19 dB  28 WPM  CQ      0936Z
2025-11-30 09:36:59Z,7017.7,7017.7,DX de F6IIT-#:    7017.7  W3LPL          CW    33 dB  28 WPM  CQ      0936Z
2025-11-30 09:36:59Z,7010.3,7010.3,DX de DF2CK-#:    7010.3  F6KOP          CW    33 dB  28 WPM  CQ      0936Z
2025-11-30 09:36:59Z,7014.9,7014.9,DX de DF2CK-#:    7014.9  DR3W           CW    19 dB  29 WPM  CQ      0936Z
2025-11-30 09:36:59Z,7006.3,7006.3,DX de EA2RCF-4-#:   7006.3  K3WW           CW     9 dB  27 WPM  CQ      0936Z
2025-11-30 09:36:59Z,7028.2,7028.2,DX de EA2RCF-4-#:   7028.2  M6T            CW    20 dB  36 WPM  CQ      0936Z
2025-11-30 09:36:59Z,7008.0,7008.0,DX de W3DAN-#:    7008.0  N6RO           CW    34 dB  27 WPM  CQ      0936Z
2025-11-30 09:36:59Z,7058.1,7058.1,DX de W3DAN-#:    7058.1  PJ2T           CW    32 dB  31 WPM  CQ      0936Z
2025-11-30 09:36:59Z,7030.6,7030.6,DX de DL8LAS-#:   7030.6  N2MM           CW     7 dB  27 WPM  CQ      0936Z
2025-11-30 09:36:59Z,7014.9,7014.9,DX de DL8LAS-#:   7014.9  DR3W           CW    33 dB  29 WPM  CQ      0936Z
2025-11-30 09:37:00Z,7026.1,7026.1,DX de DL8LAS-#:   7026.1  LY2AT          CW    23 dB  27 WPM  CQ      0936Z
2025-11-30 09:37:00Z,7010.3,7010.3,DX de W2NNN-#:    7010.3  F6KOP          CW     3 dB  28 WPM  CQ      0936Z
2025-11-30 09:37:00Z,7021.4,7021.4,DX de W2NNN-#:    7021.4  KB4DX          CW    13 dB  32 WPM  CQ      0936Z
2025-11-30 09:37:00Z,7021.4,7021.4,DX de N6TV-#:     7021.4  KB4DX          CW    30 dB  33 WPM  CQ      0936Z
2025-11-30 09:37:00Z,7014.0,7014.0,DX de S50U-#:     7014.0  HB9AGA         CW    33 dB  28 WPM  CQ      0936Z
2025-11-30 09:37:00Z,7012.1,7012.1,DX de OH4KA-#:    7012.1  ES9C           CW    40 dB  33 WPM  CQ      0936Z
2025-11-30 09:37:00Z,7031.0,7031.0,DX de E28AC-#:    7031.0  RA9V           CW     5 dB  28 WPM  CQ      0936Z
2025-11-30 09:37:00Z,7018.2,7018.2,DX de M1GEO-#:    7018.2  II2T           CW    30 dB  30 WPM  CQ      0936Z
2025-11-30 09:37:00Z,7002.0,7002.0,DX de HA1VHF-#:   7002.0  RL3FM          CW     4 dB  21 WPM  CQ      0936Z
2025-11-30 09:37:00Z,7018.1,7018.1,DX de 3V/KF5EYY-#:   7018.1  II2T           CW    10 dB  32 WPM  CQ      0936Z
2025-11-30 09:37:00Z,7014.9,7014.9,DX de DL1HWS-#:   7014.9  DR3W           CW    14 dB  29 WPM  CQ      0936Z
2025-11-30 09:37:00Z,7026.1,7026.1,DX de DL1HWS-#:   7026.1  LY2AT          CW    15 dB  26 WPM  CQ      0936Z
2025-11-30 09:37:00Z,7030.6,7030.6,DX de NU4F-#:     7030.6  N2MM           CW    34 dB  28 WPM  CQ      0936Z
2025-11-30 09:37:00Z,7010.3,7010.3,DX de NU4F-#:     7010.3  F6KOP          CW    31 dB  28 WPM  CQ      0936Z
2025-11-30 09:37:00Z,7053.0,7053.0,DX de KV4TT-#:    7053.0  PW2K           CW    13 dB  33 WPM  CQ      0936Z
2025-11-30 09:37:00Z,7030.6,7030.6,DX de N2YCH-#:    7030.6  N2MM           CW    15 dB  26 WPM  CQ      0936Z
2025-11-30 09:37:00Z,7030.6,7030.6,DX de WX7V/5-#:   7030.6  N2MM           CW    31 dB  27 WPM  CQ      0936Z
2025-11-30 09:37:00Z,7021.4,7021.4,DX de WX7V/5-#:   7021.4  KB4DX          CW    38 dB  32 WPM  CQ      0936Z
2025-11-30 09:37:00Z,7030.6,7030.6,DX de WZ7I-#:     7030.6  N2MM           CW    11 dB  27 WPM  CQ      0936Z
2025-11-30 09:37:01Z,7014.9,7014.9,DX de OK1FCJ-#:   7014.9  DR3W           CW    17 dB  29 WPM  CQ      0936Z
2025-11-30 09:37:01Z,7003.3,7003.3,DX de N8DXE-#:    7003.3  W2FU           CW    29 dB  28 WPM  CQ      0936Z
2025-11-30 09:37:01Z,7014.9,7014.9,DX de DM6EE-#:    7014.9  DR3W           CW    14 dB  29 WPM  CQ      0936Z
2025-11-30 09:37:01Z,7014.0,7014.0,DX de YO5LD-#:    7014.0  HB9AGA         CW    10 dB  28 WPM  CQ      0936Z
2025-11-30 09:37:01Z,7028.2,7028.2,DX de YO2CK-#:    7028.2  M6T            CW    12 dB  40 WPM  CQ      0936Z
2025-11-30 09:37:01Z,7010.3,7010.3,DX de YO2CK-#:    7010.3  F6KOP          CW     6 dB  28 WPM  CQ      0936Z
2025-11-30 09:37:01Z,7021.4,7021.4,DX de WA7LNW-#:   7021.4  KB4DX          CW    40 dB  33 WPM  CQ      0936Z
2025-11-30 09:37:01Z,7004.7,7004.7,DX de VE6WZ-#:    7004.7  W9VW           CW    26 dB  32 WPM  CQ      0936Z
2025-11-30 09:37:01Z,7012.5,7012.5,DX de VE6WZ-#:    7012.5  WQ6X           CW    14 dB  25 WPM  CQ      0936Z
2025-11-30 09:37:01Z,7021.4,7021.4,DX de VE6WZ-#:    7021.4  KB4DX          CW    36 dB  32 WPM  CQ      0936Z
2025-11-30 09:37:01Z,7030.6,7030.6,DX de G4ZFE-#:    7030.6  N2MM           CW     3 dB  28 WPM  CQ      0936Z
2025-11-30 09:37:01Z,7007.8,7007.8,DX de LZ5DI-#:    7007.8  LZ9W           CW    28 dB  28 WPM  CQ      0937Z
2025-11-30 09:37:01Z,7021.4,7021.4,DX de K5TR-#:     7021.4  KB4DX          CW    41 dB  33 WPM  CQ      0937Z
2025-11-30 09:37:01Z,7021.4,7021.4,DX de KM3T-2-#:   7021.4  KB4DX          CW    23 dB  34 WPM  CQ      0937Z
2025-11-30 09:37:01Z,7009.5,7009.5,DX de DO4DXA-#:   7009.5  OM/UT2WW       CW    39 dB  25 WPM  CQ      0937Z
2025-11-30 09:37:01Z,7014.9,7014.9,DX de DO4DXA-#:   7014.9  DR3W           CW    17 dB  29 WPM  CQ      0937Z
2025-11-30 09:37:01Z,7017.0,7017.0,DX de DO4DXA-#:   7017.0  DL1AQU         CW    33 dB  26 WPM  CQ      0937Z
2025-11-30 09:37:01Z,7006.3,7006.3,DX de DO4DXA-#:   7006.3  DD4DA          CW    33 dB  24 WPM  CQ      0937Z
2025-11-30 09:37:01Z,7021.4,7021.4,DX de NG7M-#:     7021.4  KB4DX          CW    21 dB  33 WPM  CQ      0937Z
2025-11-30 09:37:02Z,7017.7,7017.7,DX de CT1EYQ-#:   7017.7  W3LPL          CW    28 dB  28 WPM  CQ      0937Z
2025-11-30 09:37:02Z,7014.9,7014.9,DX de PI4CC-#:    7014.9  DR3W           CW    15 dB  29 WPM  CQ      0937Z
2025-11-30 09:37:02Z,7036.8,7036.8,DX de PI4CC-#:    7036.8  S51J           CW    18 dB  29 WPM  CQ      0937Z
2025-11-30 09:37:02Z,7025.0,7025.0,DX de IK7YTT-#:   7025.0  TK0C           CW    21 dB  33 WPM  CQ      0937Z
2025-11-30 09:37:02Z,7007.8,7007.8,DX de LZ3CB-#:    7007.8  LZ9W           CW    39 dB  27 WPM  CQ      0937Z
2025-11-30 09:37:02Z,7007.7,7007.7,DX de F4EGZ-#:    7007.7  LZ9W           CW    13 dB  28 WPM  CQ      0937Z
2025-11-30 09:37:02Z,7026.1,7026.1,DX de DR4W-#:     7026.1  LY2AT          CW    21 dB  26 WPM  CQ      0937Z
2025-11-30 09:37:02Z,7021.4,7021.4,DX de VK4CT-#:    7021.4  KB4DX          CW    19 dB  33 WPM  CQ      0937Z
2025-11-30 09:37:02Z,7011.0,7011.0,DX de VK4CT-#:    7011.0  K2PO           CW    23 dB  28 WPM  CQ      0937Z
2025-11-30 09:37:02Z,7021.4,7021.4,DX de K3PA-1-#:   7021.4  KB4DX          CW    47 dB  33 WPM  CQ      0937Z
2025-11-30 09:37:02Z,7011.0,7011.0,DX de K3PA-1-#:   7011.0  K2PO           CW    25 dB  28 WPM  CQ      0937Z
2025-11-30 09:37:02Z,7011.0,7011.0,DX de K9LC-#:     7011.0  K2PO           CW    23 dB  28 WPM  CQ      0937Z
2025-11-30 09:37:02Z,7007.8,7007.8,DX de IK3STG-#:   7007.8  LZ9W           CW     4 dB  28 WPM  CQ      0937Z
2025-11-30 09:37:02Z,7011.0,7011.0,DX de KM3T-1-#:   7011.0  K2PO           CW     6 dB  28 WPM  CQ      0937Z
2025-11-30 09:37:02Z,7021.4,7021.4,DX de VK6ANC-#:   7021.4  KB4DX          CW    20 dB  33 WPM  CQ      0937Z
2025-11-30 09:37:02Z,7027.4,7027.4,DX de OH2BBT-#:   7027.4  TI3WD          CW    10 dB  29 WPM  CQ      0937Z
2025-11-30 09:37:02Z,7021.4,7021.4,DX de K7CO-#:     7021.4  KB4DX          CW    38 dB  33 WPM  CQ      0937Z
2025-11-30 09:37:02Z,7003.6,7003.6,DX de KW7MM-2-#:   7003.6  PJ4K           CW    28 dB  30 WPM  CQ      0937Z
2025-11-30 09:37:02Z,7021.4,7021.4,DX de KW7MM-2-#:   7021.4  KB4DX          CW    43 dB  33 WPM  CQ      0937Z
2025-11-30 09:37:03Z,7011.0,7011.0,DX de NU4F-2-#:   7011.0  K2PO           CW    17 dB  28 WPM  CQ      0937Z
2025-11-30 09:37:03Z,7021.4,7021.4,DX de NU4F-2-#:   7021.4  KB4DX          CW    23 dB  36 WPM  CQ      0937Z
2025-11-30 09:37:03Z,7018.6,7018.6,DX de NU4F-2-#:   7018.6  K3LR           CW    22 dB  26 WPM  CQ      0937Z
2025-11-30 09:37:03Z,7057.1,7057.1,DX de NU4F-2-#:   7057.1  ZF5T           CW    20 dB  35 WPM  CQ      0937Z
2025-11-30 09:37:03Z,7021.4,7021.4,DX de KH6LC-#:    7021.4  KB4DX          CW    18 dB  33 WPM  CQ      0937Z
2025-11-30 09:37:03Z,7006.3,7006.3,DX de SE5E-#:     7006.3  DD4DA          CW    24 dB  28 WPM  CQ      0937Z
2025-11-30 09:37:03Z,7021.4,7021.4,DX de VE7CC-#:    7021.4  KB4DX          CW    17 dB  32 WPM  CQ      0937Z
2025-11-30 09:37:03Z,7021.4,7021.4,DX de VE7CC-#:    7021.4  KB4DX          CW    17 dB  32 WPM  CQ      0937Z
2025-11-30 09:37:03Z,7021.4,7021.4,DX de K5EM-#:     7021.4  KB4DX          CW    34 dB  34 WPM  CQ      0937Z
2025-11-30 09:37:04Z,7022.5,7022.5,DX de YO2KAR-#:   7022.5  9A1A           CW    34 dB  34 WPM  CQ      0937Z
2025-11-30 09:37:04Z,7014.0,7014.0,DX de DM5GG-#:    7014.0  HB9AGA         CW    21 dB  28 WPM  CQ      0937Z
2025-11-30 09:37:05Z,7018.6,7018.6,DX de K6FOD-#:    7018.6  K3LR           CW    15 dB  25 WPM  CQ      0937Z
2025-11-30 09:37:05Z,7021.4,7021.4,DX de K6FOD-#:    7021.4  KB4DX          CW    25 dB  33 WPM  CQ      0937Z
2025-11-30 09:37:05Z,7021.4,7021.4,DX de TI7W-#:     7021.4  KB4DX          CW     8 dB  36 WPM  CQ      0937Z
2025-11-30 09:37:06Z,7021.4,7021.4,DX de KW7MM-#:    7021.4  KB4DX          CW    35 dB  35 WPM  CQ      0937Z
2025-11-30 09:37:06Z,7021.4,7021.4,DX de W6YX-#:     7021.4  KB4DX          CW    49 dB  32 WPM  CQ      0937Z
2025-11-30 09:37:06Z,7017.7,7017.7,DX de MM0GPZ-#:   7017.7  W3LPL          CW    28 dB  28 WPM  CQ      0937Z
2025-11-30 09:37:06Z,7029.5,7029.5,DX de MM0GPZ-#:   7029.5  IK1BPL         CW    10 dB  30 WPM  CQ      0937Z
2025-11-30 09:37:06Z,7018.1,7018.1,DX de MM0GPZ-#:   7018.1  II2T           CW    23 dB  30 WPM  CQ      0937Z
2025-11-30 09:37:06Z,7021.4,7021.4,DX de K4PP-#:     7021.4  KB4DX          CW    17 dB  32 WPM  CQ      0937Z
2025-11-30 09:37:06Z,7011.0,7011.0,DX de K4PP-#:     7011.0  K2PO           CW    34 dB  28 WPM  CQ      0937Z
2025-11-30 09:37:06Z,7011.0,7011.0,DX de KM3T-3-#:   7011.0  K2PO           CW    18 dB  29 WPM  CQ      0937Z
2025-11-30 09:37:06Z,7057.1,7057.1,DX de KM3T-3-#:   7057.1  ZF5T           CW    35 dB  34 WPM  CQ      0937Z
2025-11-30 09:37:06Z,7057.1,7057.1,DX de PR1T-#:     7057.1  ZF5T           CW     7 dB  35 WPM  CQ      0937Z
2025-11-30 09:37:06Z,7033.5,7033.5,DX de ES4O-#:     7033.5  HG9X           CW    22 dB  33 WPM  CQ      0937Z
2025-11-30 09:37:06Z,7021.4,7021.4,DX de VE6JY-#:    7021.4  KB4DX          CW    43 dB  33 WPM  CQ      0937Z
2025-11-30 09:37:06Z,7011.1,7011.1,DX de WS2C-#:     7011.1  K2PO           CW    27 dB  29 WPM  CQ      0937Z
2025-11-30 09:37:06Z,7057.2,7057.2,DX de WS2C-#:     7057.2  ZF5T           CW    31 dB  35 WPM  CQ      0937Z
2025-11-30 09:37:06Z,7007.6,7007.6,DX de SZ1A-#:     7007.6  LZ9W           CW    27 dB  28 WPM  CQ      0937Z
2025-11-30 09:37:06Z,7021.4,7021.4,DX de MM0ZBH-#:   7021.4  KB4DX          CW    14 dB  33 WPM  CQ      0937Z
2025-11-30 09:37:07Z,7057.1,7057.1,DX de MM0ZBH-#:   7057.1  ZF5T           CW    23 dB  37 WPM  CQ      0937Z
2025-11-30 09:37:07Z,7021.4,7021.4,DX de VE6WZ-3-#:   7021.4  KB4DX          CW    22 dB  33 WPM  CQ      0937Z
2025-11-30 09:37:07Z,7012.5,7012.5,DX de VE6WZ-3-#:   7012.5  WQ6X           CW    10 dB  25 WPM  CQ      0937Z
2025-11-30 09:37:07Z,7004.7,7004.7,DX de M9PSY-#:    7004.7  W9VW           CW     4 dB  32 WPM  CQ      0937Z
2025-11-30 09:37:07Z,7025.0,7025.0,DX de PA5KT-4-#:   7025.0  TK0C           CW    36 dB  29 WPM  CQ      0937Z
2025-11-30 09:37:07Z,7021.4,7021.4,DX de WE9V-#:     7021.4  KB4DX          CW    42 dB  33 WPM  CQ      0937Z
2025-11-30 09:37:07Z,7011.0,7011.0,DX de WE9V-#:     7011.0  K2PO           CW    18 dB  28 WPM  CQ      0937Z
2025-11-30 09:37:07Z,7030.6,7030.6,DX de K1RA-#:     7030.6  N2MM           CW    13 dB  27 WPM  CQ      0937Z
2025-11-30 09:37:07Z,7011.0,7011.0,DX de K1RA-#:     7011.0  K2PO           CW    22 dB  28 WPM  CQ      0937Z
2025-11-30 09:37:07Z,7057.1,7057.1,DX de K1RA-#:     7057.1  ZF5T           CW    41 dB  34 WPM  CQ      0937Z
2025-11-30 09:37:07Z,7015.6,7015.6,DX de K3LR-#:     7015.6  ZF1A           CW    33 dB  31 WPM  CQ      0937Z
2025-11-30 09:37:07Z,7011.0,7011.0,DX de K9IMM-#:    7011.0  K2PO           CW    28 dB  28 WPM  CQ      0937Z
2025-11-30 09:37:07Z,7021.4,7021.4,DX de K9IMM-#:    7021.4  KB4DX          CW    37 dB  34 WPM  CQ      0937Z
2025-11-30 09:37:07Z,7053.0,7053.0,DX de K9IMM-#:    7053.0  NS4T           CW    17 dB  30 WPM  CQ      0937Z
2025-11-30 09:37:07Z,7003.7,7003.7,DX de G0KTN-#:    7003.7  PJ4K           CW    24 dB  31 WPM  CQ      0937Z
2025-11-30 09:37:07Z,7036.8,7036.8,DX de SM7IUN-#:   7036.8  S51J           CW    19 dB  29 WPM  CQ      0937Z
2025-11-30 09:37:09Z,7052.2,7052.2,DX de W3OA-#:     7052.2  KH6LC          CW    25 dB  26 WPM  CQ      0937Z
2025-11-30 09:37:09Z,7020.5,7020.5,DX de TK0C-5-#:   7020.5  OE5OHO         CW    29 dB  37 WPM  CQ      0937Z
2025-11-30 09:37:09Z,7013.4,7013.4,DX de TK0C-5-#:   7013.4  TK0D           CW     2 dB  27 WPM  CQ      0937Z
2025-11-30 09:37:09Z,7021.4,7021.4,DX de N9CO-#:     7021.4  KB4DX          CW    49 dB  34 WPM  CQ      0937Z
2025-11-30 09:37:09Z,7036.8,7036.8,DX de DE1LON-#:   7036.8  S51J           CW    28 dB  30 WPM  CQ      0937Z
2025-11-30 09:37:09Z,7036.8,7036.8,DX de DF7GB-#:    7036.8  S51J           CW    32 dB  29 WPM  CQ      0937Z
2025-11-30 09:37:09Z,7011.0,7011.0,DX de W8WTS-#:    7011.0  K2PO           CW    30 dB  28 WPM  CQ      0937Z
2025-11-30 09:37:09Z,7017.7,7017.7,DX de G4IRN-#:    7017.7  W3LPL          CW    21 dB  28 WPM  CQ      0937Z
2025-11-30 09:37:09Z,7057.1,7057.1,DX de KM3T-5-#:   7057.1  ZF5T           CW    40 dB  33 WPM  CQ      0937Z
2025-11-30 09:37:09Z,7023.0,7023.0,DX de ON7KEC-#:   7023.0  DL2NBU         CW    42 dB  30 WPM  CQ      0937Z
2025-11-30 09:37:10Z,7002.1,7002.1,DX de ON7KEC-#:   7002.1  RL3FM          CW    12 dB  21 WPM  CQ      0937Z
2025-11-30 09:37:10Z,7025.1,7025.1,DX de ON7KEC-#:   7025.1  TK0C           CW    44 dB  26 WPM  CQ      0937Z
2025-11-30 09:37:10Z,7025.6,7025.6,DX de TK0C-7-#:   7025.6  F6HKA          CW    38 dB  33 WPM  CQ      0937Z
2025-11-30 09:37:10Z,7017.1,7017.1,DX de TK0C-7-#:   7017.1  DL1AQU         CW    18 dB  26 WPM  CQ      0937Z
2025-11-30 09:37:10Z,7010.9,7010.9,DX de NT6Q-#:     7010.9  K2PO           CW    46 dB  28 WPM  CQ      0937Z
2025-11-30 09:37:10Z,7011.0,7011.0,DX de WV4P-#:     7011.0  K2PO           CW    30 dB  28 WPM  CQ      0937Z
2025-11-30 09:37:10Z,7011.0,7011.0,DX de W3DAN-#:    7011.0  K2PO           CW    38 dB  28 WPM  CQ      0937Z
2025-11-30 09:37:10Z,7030.6,7030.6,DX de W3DAN-#:    7030.6  N2MM           CW    21 dB  27 WPM  CQ      0937Z
2025-11-30 09:37:10Z,7011.0,7011.0,DX de W2NNN-#:    7011.0  K2PO           CW    25 dB  28 WPM  CQ      0937Z
2025-11-30 09:37:10Z,7021.8,7021.8,DX de S50U-#:     7021.8  SP4TKR         CW    14 dB  30 WPM  CQ      0937Z
2025-11-30 09:37:10Z,7030.6,7030.6,DX de N6TV-#:     7030.6  N2MM           CW    17 dB  27 WPM  CQ      0937Z
2025-11-30 09:37:10Z,7007.8,7007.8,DX de HA1VHF-#:   7007.8  LZ9W           CW    25 dB  28 WPM  CQ      0937Z
2025-11-30 09:37:10Z,7011.0,7011.0,DX de JN1ILK-#:   7011.0  K2PO           CW    14 dB  28 WPM  CQ      0937Z
2025-11-30 09:37:10Z,7036.8,7036.8,DX de DL1HWS-#:   7036.8  S51J           CW    32 dB  31 WPM  CQ      0937Z
2025-11-30 09:37:10Z,7026.6,7026.6,DX de VR2FUN-77-#:   7026.6  JA6SHL         CW     5 dB  28 WPM  CQ      0937Z
2025-11-30 09:37:11Z,7000.5,7000.5,DX de OK1FCJ-#:   7000.5  N2MF           CW    25 dB  29 WPM  CQ      0937Z
2025-11-30 09:37:11Z,7036.8,7036.8,DX de OK1FCJ-#:   7036.8  S51J           CW    47 dB  29 WPM  CQ      0937Z
2025-11-30 09:37:11Z,7011.0,7011.0,DX de N2YCH-#:    7011.0  K2PO           CW    41 dB  28 WPM  CQ      0937Z
2025-11-30 09:37:11Z,7021.4,7021.4,DX de N2YCH-#:    7021.4  KB4DX          CW    33 dB  34 WPM  CQ      0937Z
2025-11-30 09:37:11Z,7011.0,7011.0,DX de NU4F-#:     7011.0  K2PO           CW    17 dB  29 WPM  CQ      0937Z
2025-11-30 09:37:11Z,7021.4,7021.4,DX de NU4F-#:     7021.4  KB4DX          CW    22 dB  36 WPM  CQ      0937Z
2025-11-30 09:37:11Z,7018.6,7018.6,DX de KV4TT-#:    7018.6  K3LR           CW    14 dB  26 WPM  CQ      0937Z
2025-11-30 09:37:11Z,7021.4,7021.4,DX de KV4TT-#:    7021.4  KB4DX          CW    13 dB  36 WPM  CQ      0937Z
2025-11-30 09:37:11Z,7011.0,7011.0,DX de WZ7I-#:     7011.0  K2PO           CW    31 dB  28 WPM  CQ      0937Z
2025-11-30 09:37:11Z,7057.1,7057.1,DX de WZ7I-#:     7057.1  ZF5T           CW    30 dB  36 WPM  CQ      0937Z
2025-11-30 09:37:11Z,7030.6,7030.6,DX de N8DXE-#:    7030.6  N2MM           CW    21 dB  27 WPM  CQ      0937Z
2025-11-30 09:37:11Z,7012.5,7012.5,DX de N8DXE-#:    7012.5  WQ6X           CW     9 dB  25 WPM  CQ      0937Z
2025-11-30 09:37:11Z,7036.8,7036.8,DX de DM6EE-#:    7036.8  S51J           CW    23 dB  29 WPM  CQ      0937Z
2025-11-30 09:37:11Z,7028.2,7028.2,DX de DM6EE-#:    7028.2  M6T            CW    33 dB  35 WPM  CQ      0937Z
2025-11-30 09:37:11Z,7028.2,7028.2,DX de HA6PX-#:    7028.2  M6T            CW    23 dB  30 WPM  CQ      0937Z
2025-11-30 09:37:11Z,7036.8,7036.8,DX de YO2CK-#:    7036.8  S51J           CW    33 dB  29 WPM  CQ      0937Z
2025-11-30 09:37:11Z,7026.1,7026.1,DX de DK0TE-#:    7026.1  LY2AT          CW    10 dB  26 WPM  CQ      0937Z
2025-11-30 09:37:11Z,7022.5,7022.5,DX de DL5RMH-#:   7022.5  9A1A           CW    36 dB  30 WPM  CQ      0937Z
2025-11-30 09:37:12Z,7028.5,7028.5,DX de JH4UTP-#:   7028.5  JI0WVQ         CW    20 dB  28 WPM  CQ      0937Z
2025-11-30 09:37:12Z,7012.5,7012.5,DX de VE6WZ-#:    7012.5  WQ6X           CW    10 dB  25 WPM  CQ      0937Z
2025-11-30 09:37:12Z,7011.0,7011.0,DX de W8WWV-#:    7011.0  K2PO           CW    33 dB  28 WPM  CQ      0937Z
2025-11-30 09:37:12Z,7018.6,7018.6,DX de OZ1AAB-#:   7018.6  K3LR           CW     5 dB  26 WPM  CQ      0937Z
2025-11-30 09:37:12Z,7021.4,7021.4,DX de PI4CC-#:    7021.4  KB4DX          CW    13 dB  35 WPM  CQ      0937Z
2025-11-30 09:37:12Z,7006.3,7006.3,DX de PI4CC-#:    7006.3  K3WW           CW    44 dB  28 WPM  CQ      0937Z
2025-11-30 09:37:12Z,7019.7,7019.7,DX de OK1HRA-#:   7019.7  9A4V           CW    42 dB  28 WPM  CQ      0937Z
2025-11-30 09:37:12Z,7021.4,7021.4,DX de CT1EYQ-#:   7021.4  KB4DX          CW    10 dB  35 WPM  CQ      0937Z
2025-11-30 09:37:12Z,7006.8,7006.8,DX de CT1EYQ-#:   7006.8  KC1XX          CW    20 dB  30 WPM  CQ      0937Z
2025-11-30 09:37:12Z,7018.6,7018.6,DX de NG7M-#:     7018.6  K3LR           CW     6 dB  27 WPM  CQ      0937Z
2025-11-30 09:37:12Z,7006.8,7006.8,DX de NG7M-#:     7006.8  KC1XX          CW    30 dB  30 WPM  CQ      0937Z
2025-11-30 09:37:12Z,7001.3,7001.3,DX de F4EGZ-#:    7001.3  OK5NM          CW    10 dB  27 WPM  CQ      0937Z
2025-11-30 09:37:12Z,7011.0,7011.0,DX de ND7K-#:     7011.0  K2PO           CW    44 dB  28 WPM  CQ      0937Z
2025-11-30 09:37:12Z,7021.4,7021.4,DX de ND7K-#:     7021.4  KB4DX          CW    44 dB  35 WPM  CQ      0937Z
2025-11-30 09:37:13Z,7011.0,7011.0,DX de AC0C-1-#:   7011.0  K2PO           CW    32 dB  28 WPM  CQ      0937Z
2025-11-30 09:37:13Z,7057.1,7057.1,DX de AC0C-1-#:   7057.1  ZF5T           CW    32 dB  35 WPM  CQ      0937Z
2025-11-30 09:37:13Z,7022.5,7022.5,DX de HG8A-#:     7022.5  9A1A           CW    40 dB  30 WPM  CQ      0937Z
2025-11-30 09:37:13Z,7015.6,7015.6,DX de K3PA-1-#:   7015.6  ZF1A           CW    50 dB  32 WPM  CQ      0937Z
2025-11-30 09:37:13Z,7022.9,7022.9,DX de SP5GQ-#:    7022.9  DL2NBU         CW     4 dB  32 WPM  CQ      0937Z
2025-11-30 09:37:13Z,7013.6,7013.6,DX de K7CO-#:     7013.6  K5GN           CW    44 dB  30 WPM  CQ      0937Z
2025-11-30 09:37:14Z,7013.7,7013.7,DX de W3LPL-#:    7013.7  K5GN           CW    27 dB  30 WPM  CQ      0937Z
2025-11-30 09:37:14Z,7036.8,7036.8,DX de IK4VET-#:   7036.8  S51J           CW    37 dB  29 WPM  CQ      0937Z
2025-11-30 09:37:14Z,7012.1,7012.1,DX de IK4VET-#:   7012.1  ES9C           CW    21 dB  31 WPM  CQ      0937Z
2025-11-30 09:37:14Z,7053.0,7053.0,DX de NU4F-2-#:   7053.0  NS4T           CW    42 dB  30 WPM  CQ      0937Z
2025-11-30 09:37:14Z,7013.7,7013.7,DX de NU4F-2-#:   7013.7  K5GN           CW    30 dB  31 WPM  CQ      0937Z
2025-11-30 09:37:14Z,7018.6,7018.6,DX de DL9GTB-#:   7018.6  K3RR           CW    12 dB  27 WPM  CQ      0937Z
2025-11-30 09:37:14Z,7030.7,7030.7,DX de DL9GTB-#:   7030.7  N2MM           CW     7 dB  27 WPM  CQ      0937Z
2025-11-30 09:37:14Z,7006.3,7006.3,DX de DL9GTB-#:   7006.3  K3WW           CW    45 dB  28 WPM  CQ      0937Z
2025-11-30 09:37:14Z,7036.8,7036.8,DX de SE5E-#:     7036.8  S51J           CW    14 dB  30 WPM  CQ      0937Z
2025-11-30 09:37:14Z,7003.3,7003.3,DX de KH6LC-#:    7003.3  W2FU           CW     7 dB  26 WPM  CQ      0937Z
2025-11-30 09:37:14Z,7018.6,7018.6,DX de W1NT-6-#:   7018.6  K3LR           CW    35 dB  26 WPM  CQ      0937Z
2025-11-30 09:37:14Z,7013.7,7013.7,DX de W1NT-6-#:   7013.7  K5GN           CW    42 dB  30 WPM  CQ      0937Z
2025-11-30 09:37:14Z,7012.5,7012.5,DX de VE7CC-#:    7012.5  WQ6X           CW     6 dB  25 WPM  CQ      0937Z
2025-11-30 09:37:15Z,7012.5,7012.5,DX de VE7CC-#:    7012.5  WQ6X           CW     6 dB  25 WPM  CQ      0937Z
2025-11-30 09:37:15Z,7036.8,7036.8,DX de DM5GG-#:    7036.8  S51J           CW    22 dB  29 WPM  CQ      0937Z
2025-11-30 09:37:15Z,7028.2,7028.2,DX de OZ4ADX-#:   7028.2  M6T            CW    12 dB  28 WPM  CQ      0937Z
2025-11-30 09:37:15Z,7007.8,7007.8,DX de OK2ZAW-#:   7007.8  LZ9W           CW    17 dB  28 WPM  CQ      0937Z
2025-11-30 09:37:15Z,7013.7,7013.7,DX de KW7MM-#:    7013.7  K5GN           CW    38 dB  31 WPM  CQ      0937Z
2025-11-30 09:37:15Z,7057.1,7057.1,DX de MM0GPZ-#:   7057.1  ZF5T           CW    12 dB  35 WPM  CQ      0937Z
2025-11-30 09:37:15Z,7021.4,7021.4,DX de MM0GPZ-#:   7021.4  KB4DX          CW     8 dB  35 WPM  CQ      0937Z
2025-11-30 09:37:15Z,7010.0,7010.0,DX de K4PP-#:     7010.0  K6RC           CW    23 dB  28 WPM  CQ      0937Z
2025-11-30 09:37:15Z,7013.7,7013.7,DX de KM3T-3-#:   7013.7  K5GN           CW    33 dB  30 WPM  CQ      0937Z
2025-11-30 09:37:15Z,7007.8,7007.8,DX de S53A-#:     7007.8  LZ9W           CW    28 dB  28 WPM  CQ      0937Z
2025-11-30 09:37:15Z,7010.3,7010.3,DX de TK0C-#:     7010.3  F6KOP          CW    40 dB  29 WPM  CQ      0937Z
2025-11-30 09:37:15Z,7025.5,7025.5,DX de TK0C-#:     7025.5  F6HKA          CW    40 dB  32 WPM  CQ      0937Z
2025-11-30 09:37:15Z,7022.9,7022.9,DX de TK0C-#:     7022.9  DL2NBU         CW    33 dB  34 WPM  CQ      0937Z
2025-11-30 09:37:15Z,7033.5,7033.5,DX de TK0C-#:     7033.5  HG9X           CW    32 dB  33 WPM  CQ      0937Z
2025-11-30 09:37:15Z,7024.0,7024.0,DX de VE6JY-#:    7024.0  VP2MMA         CW    16 dB  28 WPM  CQ      0937Z
2025-11-30 09:37:16Z,7012.6,7012.6,DX de WS2C-#:     7012.6  WQ6X           CW     3 dB  26 WPM  CQ      0937Z
2025-11-30 09:37:16Z,7030.7,7030.7,DX de WS2C-#:     7030.7  N2MM           CW    13 dB  27 WPM  CQ      0937Z
2025-11-30 09:37:16Z,7013.7,7013.7,DX de WS2C-#:     7013.7  K5GN           CW    38 dB  30 WPM  CQ      0937Z
2025-11-30 09:37:16Z,7006.3,7006.3,DX de MM0ZBH-#:   7006.3  K3WW           CW    26 dB  29 WPM  CQ      0937Z
2025-11-30 09:37:16Z,7059.5,7059.5,DX de PY2KNK-#:   7059.5  K9CT           CW    12 dB  31 WPM  CQ      0937Z
2025-11-30 09:37:16Z,7036.8,7036.8,DX de PA5KT-4-#:   7036.8  S51J           CW    30 dB  29 WPM  CQ      0937Z
2025-11-30 09:37:16Z,7006.8,7006.8,DX de PA5KT-4-#:   7006.8  KC1XX          CW    15 dB  29 WPM  CQ      0937Z
2025-11-30 09:37:16Z,7010.3,7010.3,DX de PA5KT-4-#:   7010.3  F6KOP          CW    48 dB  28 WPM  CQ      0937Z
2025-11-30 09:37:16Z,7057.1,7057.1,DX de PA5KT-4-#:   7057.1  ZF5T           CW    15 dB  36 WPM  CQ      0937Z
2025-11-30 09:37:16Z,7013.7,7013.7,DX de WE9V-#:     7013.7  K5GN           CW    46 dB  31 WPM  CQ      0937Z
2025-11-30 09:37:16Z,7013.7,7013.7,DX de K1RA-#:     7013.7  K5GN           CW    44 dB  30 WPM  CQ      0937Z
2025-11-30 09:37:16Z,7014.5,7014.5,DX de K9IMM-#:    7014.5  W7WA           CW    18 dB  29 WPM  CQ      0937Z
2025-11-30 09:37:16Z,7013.7,7013.7,DX de K9IMM-#:    7013.7  K5GN           CW    38 dB  30 WPM  CQ      0937Z
2025-11-30 09:37:16Z,7006.3,7006.3,DX de SM7IUN-#:   7006.3  K3WW           CW    26 dB  28 WPM  CQ      0937Z
2025-11-30 09:37:16Z,7018.6,7018.6,DX de SM7IUN-#:   7018.6  K3LR           CW    17 dB  26 WPM  CQ      0937Z
2025-11-30 09:37:17Z,7022.5,7022.5,DX de TK0C-5-#:   7022.5  9A1A           CW    46 dB  28 WPM  CQ      0937Z
2025-11-30 09:37:17Z,7013.7,7013.7,DX de TK0C-5-#:   7013.7  K5GN           CW    18 dB  30 WPM  CQ      0937Z
2025-11-30 09:37:17Z,7030.6,7030.6,DX de W3OA-#:     7030.6  N2MM           CW    14 dB  28 WPM  CQ      0937Z
2025-11-30 09:37:17Z,7013.7,7013.7,DX de N2CR-#:     7013.7  K5GN           CW    26 dB  30 WPM  CQ      0937Z
2025-11-30 09:37:17Z,7026.6,7026.6,DX de JI1HFJ-#:   7026.6  JA6SHL         CW     7 dB  28 WPM  CQ      0937Z
2025-11-30 09:37:17Z,7028.5,7028.5,DX de BA6KC-#:    7028.5  JI0WVQ         CW    10 dB  28 WPM  CQ      0937Z
2025-11-30 09:37:17Z,7013.7,7013.7,DX de KW7MM-3-#:   7013.7  K5GN           CW    40 dB  30 WPM  CQ      0937Z
2025-11-30 09:37:17Z,7007.8,7007.8,DX de DK9IP-1-#:   7007.8  LZ9W           CW     9 dB  28 WPM  CQ      0937Z
2025-11-30 09:37:17Z,7036.8,7036.8,DX de DK9IP-1-#:   7036.8  S51J           CW    26 dB  29 WPM  CQ      0937Z
2025-11-30 09:37:17Z,7014.5,7014.5,DX de DE1LON-#:   7014.5  DR3W           CW    27 dB  29 WPM  CQ      0937Z
2025-11-30 09:37:17Z,7009.0,7009.0,DX de BA4OP-#:    7009.0  JA0VXM         CW    12 dB  13 WPM  CQ      0937Z
2025-11-30 09:37:17Z,7007.8,7007.8,DX de F4BPO-#:    7007.8  LZ9W           CW    17 dB  28 WPM  CQ      0937Z
2025-11-30 09:37:17Z,7036.8,7036.8,DX de F4BPO-#:    7036.8  S51J           CW    31 dB  28 WPM  CQ      0937Z
2025-11-30 09:37:18Z,7014.5,7014.5,DX de BG4GOV-#:   7014.5  W7WA           CW    18 dB  29 WPM  CQ      0937Z
2025-11-30 09:37:18Z,7059.5,7059.5,DX de W8WTS-#:    7059.5  K9CT           CW    15 dB  30 WPM  CQ      0937Z
2025-11-30 09:37:18Z,7013.7,7013.7,DX de W8WTS-#:    7013.7  K5GN           CW    43 dB  31 WPM  CQ      0937Z
2025-11-30 09:37:18Z,7036.8,7036.8,DX de DK9IP-#:    7036.8  S51J           CW    23 dB  29 WPM  CQ      0937Z
2025-11-30 09:37:18Z,7013.7,7013.7,DX de KC4YVA-#:   7013.7  K5GN           CW    12 dB  30 WPM  CQ      0937Z
2025-11-30 09:37:18Z,7013.7,7013.7,DX de KM3T-5-#:   7013.7  K5GN           CW    40 dB  30 WPM  CQ      0937Z
2025-11-30 09:37:18Z,7006.3,7006.3,DX de ON7KEC-#:   7006.3  K3WW           CW    38 dB  28 WPM  CQ      0937Z
2025-11-30 09:37:18Z,7028.6,7028.6,DX de ON7KEC-#:   7028.6  I2RZQ          CW    31 dB  29 WPM  CQ      0937Z
2025-11-30 09:37:19Z,7021.4,7021.4,DX de F6IIT-#:    7021.4  KB4DX          CW    11 dB  35 WPM  CQ      0937Z
2025-11-30 09:37:19Z,7030.6,7030.6,DX de F6IIT-#:    7030.6  N2MM           CW    14 dB  27 WPM  CQ      0937Z
2025-11-30 09:37:19Z,7036.7,7036.7,DX de DF2CK-#:    7036.7  S51J           CW    43 dB  29 WPM  CQ      0937Z
2025-11-30 09:37:19Z,7007.8,7007.8,DX de DF2CK-#:    7007.8  LZ9W           CW    23 dB  28 WPM  CQ      0937Z
2025-11-30 09:37:19Z,7006.3,7006.3,DX de DF2CK-#:    7006.3  K3WW           CW    44 dB  28 WPM  CQ      0937Z
2025-11-30 09:37:19Z,7028.5,7028.5,DX de DF2CK-#:    7028.5  I2RZQ          CW    32 dB  29 WPM  CQ      0937Z
2025-11-30 09:37:19Z,7013.7,7013.7,DX de WS3W-#:     7013.7  K5GN           CW    36 dB  29 WPM  CQ      0937Z
2025-11-30 09:37:19Z,7015.4,7015.4,DX de CX7ACH-#:   7015.4  RW0A           CW    13 dB  32 WPM  CQ      0937Z
2025-11-30 09:37:19Z,7036.8,7036.8,DX de ES5PC-#:    7036.8  S51J           CW    17 dB  29 WPM  CQ      0937Z
2025-11-30 09:37:19Z,7013.6,7013.6,DX de NT6Q-#:     7013.6  K5GN           CW    30 dB  30 WPM  CQ      0937Z
2025-11-30 09:37:19Z,7007.8,7007.8,DX de DL8LAS-#:   7007.8  LZ9W           CW    22 dB  28 WPM  CQ      0937Z
2025-11-30 09:37:19Z,7030.8,7030.8,DX de W3DAN-#:    7030.8  SE6K           CW    11 dB  24 WPM  CQ      0937Z
2025-11-30 09:37:19Z,7013.7,7013.7,DX de W3DAN-#:    7013.7  K5GN           CW    54 dB  30 WPM  CQ      0937Z
2025-11-30 09:37:20Z,7026.6,7026.6,DX de W3DAN-#:    7026.6  XE1RME         CW    21 dB  28 WPM  CQ      0937Z
2025-11-30 09:37:20Z,7025.0,7025.0,DX de W3DAN-#:    7025.0  TK0C           CW    21 dB  31 WPM  CQ      0937Z
2025-11-30 09:37:20Z,7022.5,7022.5,DX de S50U-#:     7022.5  9A1A           CW    40 dB  31 WPM  CQ      0937Z
2025-11-30 09:37:20Z,7014.5,7014.5,DX de M1GEO-#:    7014.5  DR3W           CW    16 dB  29 WPM  CQ      0937Z
2025-11-30 09:37:20Z,7013.7,7013.7,DX de W2NNN-#:    7013.7  K5GN           CW    33 dB  30 WPM  CQ      0937Z
2025-11-30 09:37:20Z,7036.7,7036.7,DX de HA1VHF-#:   7036.7  S51J           CW    46 dB  29 WPM  CQ      0937Z
2025-11-30 09:37:20Z,7027.2,7027.2,DX de OH4KA-#:    7027.2  OT7T           CW     6 dB  32 WPM  CQ      0937Z
2025-11-30 09:37:20Z,7008.4,7008.4,DX de DL1HWS-#:   7008.4  DL2W           CW    38 dB  28 WPM  CQ      0937Z
2025-11-30 09:37:20Z,7013.7,7013.7,DX de N6TV-#:     7013.7  K5GN           CW    31 dB  31 WPM  CQ      0937Z
2025-11-30 09:37:20Z,7010.0,7010.0,DX de N6TV-#:     7010.0  K6RC           CW    21 dB  29 WPM  CQ      0937Z
2025-11-30 09:37:20Z,7014.5,7014.5,DX de N6TV-#:     7014.5  W7WA           CW    14 dB  28 WPM  CQ      0937Z
2025-11-30 09:37:20Z,7021.0,7021.0,DX de N6TV-#:     7021.0  TI8X           CW     9 dB  31 WPM  CQ      0937Z
2025-11-30 09:37:20Z,7022.5,7022.5,DX de OK1FCJ-#:   7022.5  9A1A           CW    45 dB  28 WPM  CQ      0937Z
2025-11-30 09:37:21Z,7008.4,7008.4,DX de OK1FCJ-#:   7008.4  DL2W           CW    35 dB  28 WPM  CQ      0937Z
2025-11-30 09:37:21Z,7013.7,7013.7,DX de N2YCH-#:    7013.7  K5GN           CW    46 dB  32 WPM  CQ      0937Z
2025-11-30 09:37:21Z,7004.7,7004.7,DX de WZ7I-#:     7004.7  W9ITW          CW     8 dB  33 WPM  CQ      0937Z
2025-11-30 09:37:21Z,7003.3,7003.3,DX de WZ7I-#:     7003.3  W2FU           CW    21 dB  27 WPM  CQ      0937Z
2025-11-30 09:37:21Z,7013.7,7013.7,DX de WZ7I-#:     7013.7  K5GN           CW    37 dB  30 WPM  CQ      0937Z
2025-11-30 09:37:21Z,7011.0,7011.0,DX de KV4TT-#:    7011.0  K2PO           CW    29 dB  28 WPM  CQ      0937Z
2025-11-30 09:37:21Z,7028.2,7028.2,DX de NU4F-#:     7028.2  M6T            CW    20 dB  38 WPM  CQ      0937Z
2025-11-30 09:37:21Z,7013.7,7013.7,DX de NU4F-#:     7013.7  K5GN           CW    31 dB  30 WPM  CQ      0937Z
2025-11-30 09:37:21Z,7013.7,7013.7,DX de W3RGA-#:    7013.7  K5GN           CW    42 dB  31 WPM  CQ      0937Z
2025-11-30 09:37:21Z,7036.7,7036.7,DX de LZ4AE-#:    7036.7  S51J           CW    25 dB  29 WPM  CQ      0937Z
2025-11-30 09:37:21Z,7036.8,7036.8,DX de HA6PX-#:    7036.8  S51J           CW    33 dB  29 WPM  CQ      0937Z
2025-11-30 09:37:21Z,7008.4,7008.4,DX de HA6PX-#:    7008.4  DL2W           CW    17 dB  28 WPM  CQ      0937Z
2025-11-30 09:37:21Z,7017.7,7017.7,DX de N8DXE-#:    7017.7  W3LPL          CW    30 dB  27 WPM  CQ      0937Z
2025-11-30 09:37:21Z,7013.7,7013.7,DX de N8DXE-#:    7013.7  K5GN           CW    53 dB  30 WPM  CQ      0937Z
2025-11-30 09:37:22Z,7011.0,7011.0,DX de N8DXE-#:    7011.0  K2PO           CW    34 dB  28 WPM  CQ      0937Z
2025-11-30 09:37:22Z,7036.8,7036.8,DX de YO5LD-#:    7036.8  S51J           CW    33 dB  29 WPM  CQ      0937Z
2025-11-30 09:37:22Z,7008.4,7008.4,DX de DL5RMH-#:   7008.4  DL2W           CW    29 dB  28 WPM  CQ      0937Z
2025-11-30 09:37:22Z,7014.5,7014.5,DX de DL5RMH-#:   7014.5  DR3W           CW    16 dB  29 WPM  CQ      0937Z
2025-11-30 09:37:22Z,7030.8,7030.8,DX de YO2CK-#:    7030.8  SE6K           CW     4 dB  25 WPM  CQ      0937Z
2025-11-30 09:37:22Z,7008.4,7008.4,DX de DK0TE-#:    7008.4  DL2W           CW    42 dB  29 WPM  CQ      0937Z
2025-11-30 09:37:22Z,7008.4,7008.4,DX de G4ZFE-#:    7008.4  DL2W           CW    34 dB  28 WPM  CQ      0937Z
2025-11-30 09:37:22Z,7014.5,7014.5,DX de G4ZFE-#:    7014.5  DR3W           CW    13 dB  29 WPM  CQ      0937Z
2025-11-30 09:37:22Z,7015.3,7015.3,DX de VR2FUN-77-#:   7015.3  RW0A           CW    20 dB  31 WPM  CQ      0937Z
2025-11-30 09:37:22Z,7057.2,7057.2,DX de NN3RP-#:    7057.2  ZF5T           CW    17 dB  35 WPM  CQ      0937Z
2025-11-30 09:37:22Z,7014.5,7014.5,DX de PE5TT-#:    7014.5  DR3W           CW    18 dB  29 WPM  CQ      0937Z
2025-11-30 09:37:22Z,7008.4,7008.4,DX de PE5TT-#:    7008.4  DL2W           CW    35 dB  28 WPM  CQ      0937Z
2025-11-30 09:37:22Z,7008.4,7008.4,DX de F5AHD-#:    7008.4  DL2W           CW     3 dB  28 WPM  CQ      0937Z
2025-11-30 09:37:22Z,7014.5,7014.5,DX de WA7LNW-#:   7014.5  W7WA           CW    43 dB  28 WPM  CQ      0937Z
2025-11-30 09:37:23Z,7013.7,7013.7,DX de WA7LNW-#:   7013.7  K5GN           CW    38 dB  31 WPM  CQ      0937Z
2025-11-30 09:37:23Z,7013.7,7013.7,DX de VE6WZ-#:    7013.7  K5GN           CW    39 dB  31 WPM  CQ      0937Z
2025-11-30 09:37:23Z,7013.6,7013.6,DX de W8WWV-#:    7013.6  K5GN           CW    48 dB  30 WPM  CQ      0937Z
2025-11-30 09:37:23Z,7008.4,7008.4,DX de DO4DXA-#:   7008.4  DL2W           CW    36 dB  29 WPM  CQ      0937Z
2025-11-30 09:37:23Z,7015.3,7015.3,DX de JH4UTP-#:   7015.3  RW0A           CW    21 dB  30 WPM  CQ      0937Z
2025-11-30 09:37:23Z,7008.4,7008.4,DX de OZ1AAB-#:   7008.4  DL2W           CW    19 dB  28 WPM  CQ      0937Z
2025-11-30 09:37:23Z,7008.4,7008.4,DX de DG6FL-#:    7008.4  DL2W           CW    14 dB  28 WPM  CQ      0937Z
2025-11-30 09:37:23Z,7011.0,7011.0,DX de KM3T-2-#:   7011.0  K2PO           CW    10 dB  29 WPM  CQ      0937Z
2025-11-30 09:37:23Z,7028.5,7028.5,DX de OK1HRA-#:   7028.5  I2RZQ          CW    23 dB  29 WPM  CQ      0937Z
2025-11-30 09:37:23Z,7014.5,7014.5,DX de OK1HRA-#:   7014.5  DR3W           CW     8 dB  29 WPM  CQ      0937Z
2025-11-30 09:37:23Z,7008.3,7008.3,DX de OK1HRA-#:   7008.3  DL2W           CW    27 dB  28 WPM  CQ      0937Z
2025-11-30 09:37:23Z,7053.0,7053.0,DX de AA0O-#:     7053.0  PW2K           CW    14 dB  32 WPM  CQ      0937Z
2025-11-30 09:37:23Z,7008.4,7008.4,DX de GX0FRE-#:   7008.4  DL2W           CW    22 dB  28 WPM  CQ      0937Z
2025-11-30 09:37:23Z,7008.4,7008.4,DX de LZ4UX-#:    7008.4  DL2W           CW    17 dB  29 WPM  CQ      0937Z
2025-11-30 09:37:24Z,7008.3,7008.3,DX de F4EGZ-#:    7008.3  DL2W           CW    27 dB  28 WPM  CQ      0937Z
2025-11-30 09:37:24Z,7008.4,7008.4,DX de IK7YTT-#:   7008.4  DL2W           CW     7 dB  29 WPM  CQ      0937Z
2025-11-30 09:37:24Z,7008.4,7008.4,DX de OZ1BZS-#:   7008.4  DL2W           CW     7 dB  29 WPM  CQ      0937Z
2025-11-30 09:37:24Z,7013.7,7013.7,DX de NG7M-#:     7013.7  K5GN           CW    30 dB  30 WPM  CQ      0937Z
2025-11-30 09:37:24Z,7008.4,7008.4,DX de DR4W-#:     7008.4  DL2W           CW    42 dB  29 WPM  CQ      0937Z
2025-11-30 09:37:24Z,7013.6,7013.6,DX de ND7K-#:     7013.6  K5GN           CW    41 dB  31 WPM  CQ      0937Z
2025-11-30 09:37:24Z,7008.4,7008.4,DX de HG8A-#:     7008.4  DL2W           CW    24 dB  29 WPM  CQ      0937Z
2025-11-30 09:37:24Z,7008.4,7008.4,DX de IK3STG-#:   7008.4  DL2W           CW    15 dB  28 WPM  CQ      0937Z
2025-11-30 09:37:24Z,7013.7,7013.7,DX de K3PA-1-#:   7013.7  K5GN           CW    53 dB  31 WPM  CQ      0937Z
2025-11-30 09:37:24Z,7008.3,7008.3,DX de OH2BBT-#:   7008.3  DL2W           CW     8 dB  28 WPM  CQ      0937Z
2025-11-30 09:37:24Z,7013.7,7013.7,DX de KM3T-1-#:   7013.7  K5GN           CW    20 dB  30 WPM  CQ      0937Z
2025-11-30 09:37:25Z,7037.5,7037.5,DX de W3LPL-#:    7037.5  KT7E           CW    11 dB  25 WPM  CQ      0937Z
2025-11-30 09:37:25Z,7033.5,7033.5,DX de SP5GQ-#:    7033.5  HG9X           CW     8 dB  33 WPM  CQ      0937Z
2025-11-30 09:37:25Z,7008.4,7008.4,DX de IK4VET-#:   7008.4  DL2W           CW    26 dB  29 WPM  CQ      0937Z
2025-11-30 09:37:25Z,7010.9,7010.9,DX de K7CO-#:     7010.9  K2PO           CW    22 dB  28 WPM  CQ      0937Z
2025-11-30 09:37:25Z,7027.8,7027.8,DX de K7CO-#:     7027.8  WN7S           CW    21 dB  29 WPM  CQ      0937Z
2025-11-30 09:37:25Z,7008.0,7008.0,DX de K7CO-#:     7008.0  N6RO           CW     8 dB  27 WPM  CQ      0937Z
2025-11-30 09:37:25Z,7022.0,7022.0,DX de KW7MM-2-#:   7022.0  6K2CFI         CW    26 dB  26 WPM  CQ      0937Z
2025-11-30 09:37:25Z,7014.5,7014.5,DX de JH7CSU1-#:   7014.5  W7WA           CW    22 dB  29 WPM  CQ      0937Z
2025-11-30 09:37:25Z,7012.5,7012.5,DX de NU4F-2-#:   7012.5  WQ6X           CW     3 dB  25 WPM  CQ      0937Z
2025-11-30 09:37:25Z,7027.9,7027.9,DX de NU4F-2-#:   7027.9  WN7S           CW    29 dB  29 WPM  CQ      0937Z
2025-11-30 09:37:25Z,7014.5,7014.5,DX de HB9DCO-#:   7014.5  DR3W           CW    15 dB  29 WPM  CQ      0937Z
2025-11-30 09:37:25Z,7008.4,7008.4,DX de HB9DCO-#:   7008.4  DL2W           CW    35 dB  29 WPM  CQ      0937Z
2025-11-30 09:37:25Z,7008.4,7008.4,DX de SE5E-#:     7008.4  DL2W           CW    35 dB  28 WPM  CQ      0937Z
2025-11-30 09:37:26Z,7021.4,7021.4,DX de SE5E-#:     7021.4  KB4DX          CW    14 dB  35 WPM  CQ      0937Z
2025-11-30 09:37:26Z,7027.9,7027.9,DX de K5EM-#:     7027.9  WN7S           CW    18 dB  29 WPM  CQ      0937Z
2025-11-30 09:37:26Z,7013.7,7013.7,DX de K5EM-#:     7013.7  K5GN           CW    32 dB  31 WPM  CQ      0937Z
2025-11-30 09:37:26Z,7014.5,7014.5,DX de W1NT-6-#:   7014.5  W7WA           CW    16 dB  28 WPM  CQ      0937Z
2025-11-30 09:37:26Z,7018.1,7018.1,DX de DM5GG-#:    7018.1  II2T           CW    24 dB  29 WPM  CQ      0937Z
2025-11-30 09:37:26Z,7008.0,7008.0,DX de VE7CC-#:    7008.0  N6RO           CW     5 dB  27 WPM  CQ      0937Z
2025-11-30 09:37:26Z,7008.0,7008.0,DX de VE7CC-#:    7008.0  N6RO           CW     5 dB  27 WPM  CQ      0937Z
2025-11-30 09:37:26Z,7008.4,7008.4,DX de OK2ZAW-#:   7008.4  DL2W           CW    24 dB  28 WPM  CQ      0937Z
2025-11-30 09:37:26Z,7008.4,7008.4,DX de MM0GPZ-#:   7008.4  DL2W           CW    32 dB  28 WPM  CQ      0937Z
2025-11-30 09:37:26Z,7014.5,7014.5,DX de MM0GPZ-#:   7014.5  DR3W           CW     6 dB  29 WPM  CQ      0937Z
2025-11-30 09:37:26Z,7013.6,7013.6,DX de W4KAZ-#:    7013.6  K5GN           CW    17 dB  30 WPM  CQ      0937Z
2025-11-30 09:37:26Z,7027.9,7027.9,DX de K6FOD-#:    7027.9  WN7S           CW    14 dB  28 WPM  CQ      0937Z
2025-11-30 09:37:26Z,7027.9,7027.9,DX de W6YX-#:     7027.9  WN7S           CW    32 dB  29 WPM  CQ      0937Z
2025-11-30 09:37:26Z,7013.7,7013.7,DX de W6YX-#:     7013.7  K5GN           CW    39 dB  30 WPM  CQ      0937Z
2025-11-30 09:37:27Z,7027.9,7027.9,DX de KW7MM-#:    7027.9  WN7S           CW    23 dB  28 WPM  CQ      0937Z
2025-11-30 09:37:27Z,7027.9,7027.9,DX de TI7W-#:     7027.9  WN7S           CW    15 dB  28 WPM  CQ      0937Z
2025-11-30 09:37:27Z,7036.8,7036.8,DX de LZ7AA-#:    7036.8  S51J           CW    38 dB  29 WPM  CQ      0937Z
2025-11-30 09:37:27Z,7026.1,7026.1,DX de S53A-#:     7026.1  LY2AT          CW    20 dB  26 WPM  CQ      0937Z
2025-11-30 09:37:27Z,7008.4,7008.4,DX de S53A-#:     7008.4  DL2W           CW    30 dB  28 WPM  CQ      0937Z
2025-11-30 09:37:27Z,7012.1,7012.1,DX de S53A-#:     7012.1  ES9C           CW    33 dB  32 WPM  CQ      0937Z
2025-11-30 09:37:27Z,7027.9,7027.9,DX de K4PP-#:     7027.9  WN7S           CW    41 dB  28 WPM  CQ      0937Z
2025-11-30 09:37:27Z,7013.7,7013.7,DX de K4PP-#:     7013.7  K5GN           CW    45 dB  30 WPM  CQ      0937Z
2025-11-30 09:37:27Z,7033.7,7033.7,DX de M9PSY-#:    7033.7  P40L           CW    11 dB  28 WPM  CQ      0937Z
2025-11-30 09:37:27Z,7036.8,7036.8,DX de M9PSY-#:    7036.8  S51J           CW    12 dB  29 WPM  CQ      0937Z
2025-11-30 09:37:27Z,7008.4,7008.4,DX de M9PSY-#:    7008.4  DL2W           CW    32 dB  28 WPM  CQ      0937Z
2025-11-30 09:37:27Z,7026.1,7026.1,DX de M9PSY-#:    7026.1  LY2AT          CW     6 dB  26 WPM  CQ      0937Z
2025-11-30 09:37:28Z,7008.4,7008.4,DX de F6KGL-#:    7008.4  DL2W           CW    17 dB  28 WPM  CQ      0937Z
2025-11-30 09:37:28Z,7006.8,7006.8,DX de VE6JY-#:    7006.8  KC1XX          CW    36 dB  31 WPM  CQ      0937Z
2025-11-30 09:37:28Z,7013.7,7013.7,DX de VE6JY-#:    7013.7  K5GN           CW    42 dB  31 WPM  CQ      0937Z
2025-11-30 09:37:28Z,7001.4,7001.4,DX de MM0ZBH-#:   7001.4  OK5NZ          CW    20 dB  28 WPM  CQ      0937Z
2025-11-30 09:37:28Z,7008.4,7008.4,DX de PA5KT-4-#:   7008.4  DL2W           CW    50 dB  28 WPM  CQ      0937Z
2025-11-30 09:37:28Z,7014.5,7014.5,DX de PA5KT-4-#:   7014.5  DR3W           CW    26 dB  29 WPM  CQ      0937Z
2025-11-30 09:37:28Z,7008.4,7008.4,DX de G0KTN-#:    7008.4  DL2W           CW    28 dB  28 WPM  CQ      0937Z
2025-11-30 09:37:28Z,7027.9,7027.9,DX de WE9V-#:     7027.9  WN7S           CW    19 dB  29 WPM  CQ      0937Z
2025-11-30 09:37:28Z,7013.7,7013.7,DX de VE6WZ-3-#:   7013.7  K5GN           CW    19 dB  30 WPM  CQ      0937Z
2025-11-30 09:37:28Z,7028.2,7028.2,DX de K1RA-#:     7028.2  M6T            CW    23 dB  32 WPM  CQ      0937Z
2025-11-30 09:37:28Z,7008.4,7008.4,DX de SM7IUN-#:   7008.4  DL2W           CW    33 dB  28 WPM  CQ      0937Z
2025-11-30 09:37:28Z,7008.4,7008.4,DX de TK0C-5-#:   7008.4  DL2W           CW    27 dB  28 WPM  CQ      0937Z
2025-11-30 09:37:29Z,7027.9,7027.9,DX de K9IMM-#:    7027.9  WN7S           CW    24 dB  28 WPM  CQ      0937Z
2025-11-30 09:37:29Z,7036.8,7036.8,DX de HA8TKS-#:   7036.8  S51J           CW    29 dB  30 WPM  CQ      0937Z
2025-11-30 09:37:29Z,7001.4,7001.4,DX de HA8TKS-#:   7001.4  OK5NZ          CW     7 dB  28 WPM  CQ      0937Z
2025-11-30 09:37:29Z,7008.0,7008.0,DX de W3OA-#:     7008.0  N6RO           CW    30 dB  27 WPM  CQ      0937Z
2025-11-30 09:37:29Z,7008.0,7008.0,DX de JO1YYP-#:   7008.0  N6RO           CW    32 dB  26 WPM  CQ      0937Z
2025-11-30 09:37:29Z,7011.0,7011.0,DX de N2CR-#:     7011.0  K2PO           CW    15 dB  28 WPM  CQ      0937Z
2025-11-30 09:37:29Z,7008.4,7008.4,DX de DK9IP-1-#:   7008.4  DL2W           CW    34 dB  28 WPM  CQ      0937Z
2025-11-30 09:37:29Z,7008.4,7008.4,DX de DE1LON-#:   7008.4  DL2W           CW    42 dB  28 WPM  CQ      0937Z
2025-11-30 09:37:29Z,7028.5,7028.5,DX de DE1LON-#:   7028.5  I2CZQ          CW    23 dB  29 WPM  CQ      0937Z
2025-11-30 09:37:29Z,7034.0,7034.0,DX de DE1LON-#:   7034.0  G0SKW          CW    13 dB  22 WPM  CQ      0937Z
2025-11-30 09:37:29Z,7027.9,7027.9,DX de KW7MM-3-#:   7027.9  WN7S           CW    30 dB  30 WPM  CQ      0937Z
2025-11-30 09:37:29Z,7011.0,7011.0,DX de KW7MM-3-#:   7011.0  K2PO           CW    37 dB  28 WPM  CQ      0937Z
2025-11-30 09:37:29Z,7013.7,7013.7,DX de N9CO-#:     7013.7  K5GN           CW    58 dB  30 WPM  CQ      0937Z
2025-11-30 09:37:30Z,7059.5,7059.5,DX de N9CO-#:     7059.5  K9CT           CW    32 dB  32 WPM  CQ      0937Z
2025-11-30 09:37:30Z,7028.5,7028.5,DX de BH4XDZ-#:   7028.5  JI0WVQ         CW     7 dB  28 WPM  CQ      0937Z
2025-11-30 09:37:30Z,7008.0,7008.0,DX de BH4XDZ-#:   7008.0  N6RO           CW     6 dB  27 WPM  CQ      0937Z
2025-11-30 09:37:30Z,7014.5,7014.5,DX de F4BPO-#:    7014.5  DR3W           CW     9 dB  29 WPM  CQ      0937Z
2025-11-30 09:37:30Z,7008.4,7008.4,DX de F4BPO-#:    7008.4  DL2W           CW    25 dB  29 WPM  CQ      0937Z
2025-11-30 09:37:30Z,7008.4,7008.4,DX de DK9IP-#:    7008.4  DL2W           CW    24 dB  28 WPM  CQ      0937Z
2025-11-30 09:37:30Z,7018.2,7018.2,DX de DK9IP-#:    7018.2  II2T           CW    31 dB  28 WPM  CQ      0937Z
2025-11-30 09:37:30Z,7014.5,7014.5,DX de DK9IP-#:    7014.5  DR3W           CW    10 dB  30 WPM  CQ      0937Z
2025-11-30 09:37:30Z,7032.0,7032.0,DX de DK9IP-#:    7032.0  DF0HQ          CW    30 dB  25 WPM  CQ      0937Z
2025-11-30 09:37:30Z,7028.5,7028.5,DX de DK9IP-#:    7028.5  I2RZQ          CW    20 dB  29 WPM  CQ      0937Z
2025-11-30 09:37:30Z,7012.5,7012.5,DX de W8WTS-#:    7012.5  WQ6X           CW     6 dB  25 WPM  CQ      0937Z
2025-11-30 09:37:30Z,7011.0,7011.0,DX de BG4GOV-#:   7011.0  K2PO           CW    12 dB  28 WPM  CQ      0937Z
2025-11-30 09:37:30Z,7008.4,7008.4,DX de ON7KEC-#:   7008.4  DL2W           CW    42 dB  28 WPM  CQ      0937Z
2025-11-30 09:37:31Z,7014.5,7014.5,DX de G4IRN-#:    7014.5  DR3W           CW     6 dB  29 WPM  CQ      0937Z
2025-11-30 09:37:31Z,7008.4,7008.4,DX de G4IRN-#:    7008.4  DL2W           CW    28 dB  28 WPM  CQ      0937Z
2025-11-30 09:37:31Z,7036.8,7036.8,DX de G4IRN-#:    7036.8  S51J           CW    12 dB  29 WPM  CQ      0937Z
2025-11-30 09:37:31Z,7011.0,7011.0,DX de KM3T-5-#:   7011.0  K2PO           CW    23 dB  28 WPM  CQ      0937Z
2025-11-30 09:37:31Z,7018.7,7018.7,DX de TK0C-7-#:   7018.7  K3LR           CW    23 dB  26 WPM  CQ      0937Z
2025-11-30 09:37:31Z,7008.4,7008.4,DX de TK0C-3-#:   7008.4  DL2W           CW    10 dB  28 WPM  CQ      0937Z
2025-11-30 09:37:31Z,7012.1,7012.1,DX de TK0C-3-#:   7012.1  ES9C           CW     9 dB  33 WPM  CQ      0937Z
2025-11-30 09:37:31Z,7014.5,7014.5,DX de F6IIT-#:    7014.5  DR3W           CW    20 dB  29 WPM  CQ      0937Z
2025-11-30 09:37:31Z,7008.4,7008.4,DX de F6IIT-#:    7008.4  DL2W           CW    39 dB  28 WPM  CQ      0937Z
2025-11-30 09:37:31Z,7008.4,7008.4,DX de DF2CK-#:    7008.4  DL2W           CW    30 dB  28 WPM  CQ      0937Z
2025-11-30 09:37:31Z,7008.4,7008.4,DX de ES5PC-#:    7008.4  DL2W           CW    26 dB  28 WPM  CQ      0937Z
2025-11-30 09:37:31Z,7017.0,7017.0,DX de ES5PC-#:    7017.0  DL1AQU         CW    19 dB  26 WPM  CQ      0937Z
2025-11-30 09:37:32Z,7027.9,7027.9,DX de WV4P-#:     7027.9  WN7S           CW    43 dB  28 WPM  CQ      0937Z
2025-11-30 09:37:32Z,7013.7,7013.7,DX de WV4P-#:     7013.7  K5GN           CW    47 dB  29 WPM  CQ      0937Z
2025-11-30 09:37:32Z,7008.4,7008.4,DX de DL8LAS-#:   7008.4  DL2W           CW    46 dB  28 WPM  CQ      0937Z
2025-11-30 09:37:32Z,7027.8,7027.8,DX de NT6Q-#:     7027.8  WN7S           CW    28 dB  29 WPM  CQ      0937Z
2025-11-30 09:37:32Z,7039.0,7039.0,DX de S50U-#:     7039.0  ON6QO          CW    24 dB  24 WPM  CQ      0937Z
2025-11-30 09:37:32Z,7020.5,7020.5,DX de S50U-#:     7020.5  OE5OHO         CW    28 dB  37 WPM  CQ      0937Z
2025-11-30 09:37:32Z,7008.4,7008.4,DX de S50U-#:     7008.4  DL2W           CW    17 dB  29 WPM  CQ      0937Z
2025-11-30 09:37:32Z,7008.4,7008.4,DX de W3DAN-#:    7008.4  DL2W           CW    21 dB  29 WPM  CQ      0937Z
2025-11-30 09:37:32Z,7032.0,7032.0,DX de W3DAN-#:    7032.0  DF0HQ          CW    32 dB  25 WPM  CQ      0937Z
2025-11-30 09:37:32Z,7005.0,7005.0,DX de W3DAN-#:    7005.0  SK6EI          CW    25 dB  28 WPM  CQ      0937Z
2025-11-30 09:37:32Z,7023.5,7023.5,DX de W3DAN-#:    7023.5  XE2T           CW    22 dB  28 WPM  CQ      0937Z
2025-11-30 09:37:33Z,7020.5,7020.5,DX de LB9KJ-#:    7020.5  OE5OHO         CW     9 dB  35 WPM  CQ      0937Z
2025-11-30 09:37:33Z,7005.0,7005.0,DX de LB9KJ-#:    7005.0  SK6EI          CW    15 dB  27 WPM  CQ      0937Z
2025-11-30 09:37:33Z,7008.4,7008.4,DX de HA1VHF-#:   7008.4  DL2W           CW    22 dB  28 WPM  CQ      0937Z
2025-11-30 09:37:33Z,7028.2,7028.2,DX de W2NNN-#:    7028.2  M6T            CW    19 dB  37 WPM  CQ      0937Z
2025-11-30 09:37:33Z,7031.6,7031.6,DX de W2NNN-#:    7031.6  K9RS           CW    13 dB  29 WPM  CQ      0937Z
2025-11-30 09:37:33Z,7023.5,7023.5,DX de W2NNN-#:    7023.5  XE2T           CW     9 dB  28 WPM  CQ      0937Z
2025-11-30 09:37:33Z,7017.7,7017.7,DX de DL1HWS-#:   7017.7  W3LPL          CW    27 dB  28 WPM  CQ      0937Z
2025-11-30 09:37:33Z,7027.9,7027.9,DX de WX7V/5-#:   7027.9  WN7S           CW    21 dB  28 WPM  CQ      0937Z
2025-11-30 09:37:33Z,7027.9,7027.9,DX de N6TV-#:     7027.9  WN7S           CW    22 dB  28 WPM  CQ      0937Z
2025-11-30 09:37:33Z,7058.0,7058.0,DX de N6TV-#:     7058.0  PJ2T           CW    24 dB  29 WPM  CQ      0937Z
2025-11-30 09:37:33Z,7005.0,7005.0,DX de LZ4AE-#:    7005.0  SK6EI          CW     3 dB  28 WPM  CQ      0937Z
2025-11-30 09:37:33Z,7007.4,7007.4,DX de N2YCH-#:    7007.4  W7VJ           CW    16 dB  28 WPM  CQ      0937Z
2025-11-30 09:37:33Z,7021.4,7021.4,DX de WZ7I-#:     7021.4  KB4DX          CW    14 dB  35 WPM  CQ      0937Z
2025-11-30 09:37:34Z,7005.0,7005.0,DX de YO5LD-#:    7005.0  SK6EI          CW     8 dB  28 WPM  CQ      0937Z
2025-11-30 09:37:34Z,7027.9,7027.9,DX de W3RGA-#:    7027.9  WN7S           CW    13 dB  29 WPM  CQ      0937Z
2025-11-30 09:37:34Z,7023.5,7023.5,DX de W3RGA-#:    7023.5  XE2T           CW    23 dB  28 WPM  CQ      0937Z
2025-11-30 09:37:34Z,7013.7,7013.7,DX de KV4TT-#:    7013.7  K5GN           CW    43 dB  31 WPM  CQ      0937Z
2025-11-30 09:37:34Z,7058.0,7058.0,DX de KV4TT-#:    7058.0  PJ2T           CW    30 dB  32 WPM  CQ      0937Z
2025-11-30 09:37:34Z,7027.9,7027.9,DX de NU4F-#:     7027.9  WN7S           CW    39 dB  29 WPM  CQ      0937Z
2025-11-30 09:37:34Z,7008.4,7008.4,DX de N8DXE-#:    7008.4  DL2W           CW    18 dB  29 WPM  CQ      0937Z
2025-11-30 09:37:34Z,7023.5,7023.5,DX de N8DXE-#:    7023.5  XE2T           CW    22 dB  29 WPM  CQ      0937Z
2025-11-30 09:37:34Z,7011.0,7011.0,DX de JN1ILK-#:   7011.0  K2PO           CW    24 dB  28 WPM  CQ      0937Z
2025-11-30 09:37:34Z,7052.2,7052.2,DX de JN1ILK-#:   7052.2  KH6LC          CW    11 dB  26 WPM  CQ      0937Z
2025-11-30 09:37:34Z,7008.0,7008.0,DX de JN1ILK-#:   7008.0  N6RO           CW    29 dB  27 WPM  CQ      0937Z
2025-11-30 09:37:34Z,7013.7,7013.7,DX de JN1ILK-#:   7013.7  K5GN           CW    17 dB  30 WPM  CQ      0937Z
2025-11-30 09:37:34Z,7008.4,7008.4,DX de YO2CK-#:    7008.4  DL2W           CW     3 dB  29 WPM  CQ      0937Z
2025-11-30 09:37:35Z,7003.3,7003.3,DX de G4ZFE-#:    7003.3  W2FU           CW    21 dB  26 WPM  CQ      0937Z
2025-11-30 09:37:35Z,7036.8,7036.8,DX de G4ZFE-#:    7036.8  S51J           CW    18 dB  29 WPM  CQ      0937Z
2025-11-30 09:37:35Z,7013.7,7013.7,DX de NN3RP-#:    7013.7  K5GN           CW    12 dB  30 WPM  CQ      0937Z
2025-11-30 09:37:35Z,7013.7,7013.7,DX de KM3T-2-#:   7013.7  K5GN           CW    27 dB  30 WPM  CQ      0937Z
2025-11-30 09:37:35Z,7008.0,7008.0,DX de KM3T-2-#:   7008.0  N6RO           CW     4 dB  27 WPM  CQ      0937Z
2025-11-30 09:37:35Z,7058.0,7058.0,DX de KM3T-2-#:   7058.0  PJ2T           CW    10 dB  31 WPM  CQ      0937Z
2025-11-30 09:37:35Z,7001.4,7001.4,DX de LZ4UX-#:    7001.4  OK5NZ          CW     7 dB  27 WPM  CQ      0937Z
2025-11-30 09:37:35Z,7002.0,7002.0,DX de LZ4UX-#:    7002.0  RL3FM          CW     4 dB  21 WPM  CQ      0937Z
2025-11-30 09:37:35Z,7012.7,7012.7,DX de IK7YTT-#:   7012.7  SP8HWM         CW    10 dB  26 WPM  CQ      0937Z
2025-11-30 09:37:35Z,7005.0,7005.0,DX de IK7YTT-#:   7005.0  SK6EI          CW     3 dB  27 WPM  CQ      0937Z
2025-11-30 09:37:35Z,7027.9,7027.9,DX de AA0O-#:     7027.9  WN7S           CW    21 dB  29 WPM  CQ      0937Z
2025-11-30 09:37:35Z,7023.5,7023.5,DX de AA0O-#:     7023.5  XE2T           CW     6 dB  28 WPM  CQ      0937Z
2025-11-30 09:37:35Z,7007.4,7007.4,DX de JH4UTP-#:   7007.4  W7VJ           CW    12 dB  28 WPM  CQ      0937Z
2025-11-30 09:37:36Z,7011.0,7011.0,DX de NG7M-#:     7011.0  K2PO           CW    15 dB  28 WPM  CQ      0937Z
2025-11-30 09:37:36Z,7027.9,7027.9,DX de NG7M-#:     7027.9  WN7S           CW    11 dB  29 WPM  CQ      0937Z
2025-11-30 09:37:36Z,7027.9,7027.9,DX de AC0C-1-#:   7027.9  WN7S           CW    40 dB  28 WPM  CQ      0937Z
2025-11-30 09:37:36Z,7021.4,7021.4,DX de AC0C-1-#:   7021.4  KB4DX          CW    49 dB  34 WPM  CQ      0937Z
2025-11-30 09:37:36Z,7023.5,7023.5,DX de AC0C-1-#:   7023.5  XE2T           CW    34 dB  28 WPM  CQ      0937Z
2025-11-30 09:37:36Z,7027.8,7027.8,DX de ND7K-#:     7027.8  WN7S           CW    36 dB  29 WPM  CQ      0937Z
2025-11-30 09:37:36Z,7058.0,7058.0,DX de ND7K-#:     7058.0  PJ2T           CW    35 dB  32 WPM  CQ      0937Z
2025-11-30 09:37:36Z,7028.5,7028.5,DX de IK3STG-#:   7028.5  I2RZQ          CW    14 dB  29 WPM  CQ      0937Z
2025-11-30 09:37:36Z,7008.3,7008.3,DX de F4GOU-#:    7008.3  DL2W           CW    14 dB  29 WPM  CQ      0937Z
2025-11-30 09:37:36Z,7001.6,7001.6,DX de K3PA-1-#:   7001.6  K0RF           CW    22 dB  26 WPM  CQ      0937Z
2025-11-30 09:37:36Z,7027.9,7027.9,DX de K3PA-1-#:   7027.9  WN7S           CW    35 dB  28 WPM  CQ      0937Z
2025-11-30 09:37:37Z,7012.4,7012.4,DX de K3PA-1-#:   7012.4  VE3KQN         CW     5 dB  25 WPM  CQ      0937Z
2025-11-30 09:37:37Z,7023.5,7023.5,DX de K3PA-1-#:   7023.5  XE2T           CW    38 dB  28 WPM  CQ      0937Z
2025-11-30 09:37:37Z,7058.0,7058.0,DX de KM3T-1-#:   7058.0  PJ2T           CW     6 dB  32 WPM  CQ      0937Z
2025-11-30 09:37:37Z,7027.9,7027.9,DX de K9LC-#:     7027.9  WN7S           CW    27 dB  29 WPM  CQ      0937Z
2025-11-30 09:37:37Z,7005.0,7005.0,DX de SP5GQ-#:    7005.0  SK6EI          CW     2 dB  28 WPM  CQ      0937Z
2025-11-30 09:37:37Z,7007.8,7007.8,DX de IK4VET-#:   7007.8  LZ9W           CW    26 dB  28 WPM  CQ      0937Z
2025-11-30 09:37:37Z,7013.7,7013.7,DX de DL9GTB-#:   7013.7  K5GN           CW    23 dB  30 WPM  CQ      0937Z
2025-11-30 09:37:37Z,7007.8,7007.8,DX de DL9GTB-#:   7007.8  LZ9W           CW    17 dB  28 WPM  CQ      0937Z
2025-11-30 09:37:37Z,7013.7,7013.7,DX de VK4CT-#:    7013.7  K5TIN          CW     9 dB  30 WPM  CQ      0937Z
2025-11-30 09:37:37Z,7030.6,7030.6,DX de VK4CT-#:    7030.6  N2MM           CW    10 dB  27 WPM  CQ      0937Z
2025-11-30 09:37:37Z,7027.9,7027.9,DX de VK4CT-#:    7027.9  WN7S           CW     9 dB  29 WPM  CQ      0937Z
2025-11-30 09:37:37Z,7034.0,7034.0,DX de HB9DCO-#:   7034.0  G0SKW          CW    11 dB  22 WPM  CQ      0937Z
2025-11-30 09:37:38Z,7013.7,7013.7,DX de KD2OGR-#:   7013.7  K5GN           CW    23 dB  30 WPM  CQ      0937Z
2025-11-30 09:37:38Z,7011.0,7011.0,DX de KD2OGR-#:   7011.0  K2PO           CW    16 dB  28 WPM  CQ      0937Z
2025-11-30 09:37:38Z,7000.5,7000.5,DX de KD2OGR-#:   7000.5  N2MF           CW    10 dB  30 WPM  CQ      0937Z
2025-11-30 09:37:38Z,7005.0,7005.0,DX de SE5E-#:     7005.0  SK6EI          CW    49 dB  28 WPM  CQ      0937Z
2025-11-30 09:37:38Z,7013.6,7013.6,DX de KW7MM-2-#:   7013.6  K5GN           CW    46 dB  31 WPM  CQ      0937Z
2025-11-30 09:37:38Z,7002.0,7002.0,DX de YO2KAR-#:   7002.0  RL3FM          CW     3 dB  21 WPM  CQ      0937Z
2025-11-30 09:37:38Z,7053.0,7053.0,DX de JH7CSU1-#:   7053.0  PW2K           CW    26 dB  33 WPM  CQ      0937Z
2025-11-30 09:37:38Z,7008.0,7008.0,DX de JH7CSU1-#:   7008.0  N6RO           CW    18 dB  27 WPM  CQ      0937Z
2025-11-30 09:37:38Z,7011.0,7011.0,DX de JH7CSU1-#:   7011.0  K2PO           CW     9 dB  28 WPM  CQ      0937Z
2025-11-30 09:37:38Z,7011.0,7011.0,DX de KH6LC-#:    7011.0  K2PO           CW    10 dB  29 WPM  CQ      0937Z
2025-11-30 09:37:38Z,7023.5,7023.5,DX de KH6LC-#:    7023.5  XE2T           CW    11 dB  28 WPM  CQ      0937Z
2025-11-30 09:37:38Z,7058.0,7058.0,DX de W1NT-6-#:   7058.0  PJ2T           CW    30 dB  32 WPM  CQ      0937Z
2025-11-30 09:37:38Z,7032.1,7032.1,DX de OK2ZAW-#:   7032.1  DF0HQ          CW    26 dB  24 WPM  CQ      0937Z
2025-11-30 09:37:39Z,7011.0,7011.0,DX de VK6ANC-#:   7011.0  K2PO           CW    11 dB  28 WPM  CQ      0937Z
2025-11-30 09:37:39Z,7036.0,7036.0,DX de VE7CC-#:    7036.0  TA3YBN         CW     3 dB  29 WPM  CQ      0937Z
2025-11-30 09:37:39Z,7014.5,7014.5,DX de S53A-#:     7014.5  DR3W           CW    11 dB  29 WPM  CQ      0937Z
2025-11-30 09:37:39Z,7022.0,7022.0,DX de W6YX-#:     7022.0  6K2CFI         CW    15 dB  26 WPM  CQ      0937Z
2025-11-30 09:37:39Z,7023.5,7023.5,DX de W6YX-#:     7023.5  XE2T           CW    44 dB  29 WPM  CQ      0937Z
2025-11-30 09:37:39Z,7023.5,7023.5,DX de KM3T-3-#:   7023.5  XE2T           CW    23 dB  29 WPM  CQ      0937Z
2025-11-30 09:37:39Z,7008.4,7008.4,DX de ES4O-#:     7008.4  DL2W           CW    20 dB  29 WPM  CQ      0937Z
2025-11-30 09:37:39Z,7007.8,7007.8,DX de ES4O-#:     7007.8  LZ9W           CW    14 dB  28 WPM  CQ      0937Z
2025-11-30 09:37:39Z,7013.7,7013.7,DX de K6FOD-#:    7013.7  K5GN           CW    17 dB  30 WPM  CQ      0937Z
2025-11-30 09:37:39Z,7011.0,7011.0,DX de KW7MM-#:    7011.0  K2PO           CW    19 dB  29 WPM  CQ      0937Z
2025-11-30 09:37:39Z,7012.5,7012.5,DX de K4PP-#:     7012.5  WQ6X           CW     7 dB  25 WPM  CQ      0937Z
2025-11-30 09:37:39Z,7014.5,7014.5,DX de M9PSY-#:    7014.5  DR3W           CW     7 dB  29 WPM  CQ      0937Z
2025-11-30 09:37:40Z,7013.7,7013.7,DX de M9PSY-#:    7013.7  K5TNN          CW    16 dB  30 WPM  CQ      0937Z
2025-11-30 09:37:40Z,7023.6,7023.6,DX de WS2C-#:     7023.6  XE2T           CW    20 dB  28 WPM  CQ      0937Z
2025-11-30 09:37:40Z,7054.1,7054.1,DX de WS2C-#:     7054.1  8R1/AG6UT      CW    40 dB  28 WPM  CQ      0937Z
2025-11-30 09:37:40Z,7032.0,7032.0,DX de F6KGL-#:    7032.0  DF0HQ          CW    31 dB  24 WPM  CQ      0937Z
2025-11-30 09:37:40Z,7031.6,7031.6,DX de MM0ZBH-#:   7031.6  K9RS           CW    26 dB  30 WPM  CQ      0937Z
2025-11-30 09:37:40Z,7027.9,7027.9,DX de MM0ZBH-#:   7027.9  WN7S           CW    12 dB  28 WPM  CQ      0937Z
2025-11-30 09:37:40Z,7023.5,7023.5,DX de VE6JY-#:    7023.5  XE2T           CW    30 dB  28 WPM  CQ      0937Z
2025-11-30 09:37:40Z,7054.1,7054.1,DX de WE9V-#:     7054.1  8R1/AG6UT      CW    22 dB  28 WPM  CQ      0937Z
2025-11-30 09:37:40Z,7000.5,7000.5,DX de SM7IUN-#:   7000.5  N2TTF          CW    29 dB  30 WPM  CQ      0937Z
2025-11-30 09:37:40Z,7011.0,7011.0,DX de PY2KNK-#:   7011.0  K2PO           CW    14 dB  28 WPM  CQ      0937Z
2025-11-30 09:37:40Z,7029.6,7029.6,DX de TK0C-5-#:   7029.6  UR5WD          CW    35 dB  23 WPM  CQ      0937Z
2025-11-30 09:37:40Z,7011.0,7011.0,DX de K3LR-#:     7011.0  K2PO           CW    31 dB  28 WPM  CQ      0937Z
2025-11-30 09:37:40Z,7027.9,7027.9,DX de K1RA-#:     7027.9  WN7S           CW    21 dB  28 WPM  CQ      0937Z
2025-11-30 09:37:41Z,7023.5,7023.5,DX de K1RA-#:     7023.5  XE2T           CW    18 dB  28 WPM  CQ      0937Z
2025-11-30 09:37:41Z,7006.8,7006.8,DX de VE6WZ-3-#:   7006.8  KC1XX          CW    15 dB  28 WPM  CQ      0937Z
2025-11-30 09:37:41Z,7023.5,7023.5,DX de K9IMM-#:    7023.5  XE2T           CW    18 dB  28 WPM  CQ      0937Z
2025-11-30 09:37:41Z,7011.0,7011.0,DX de W3OA-#:     7011.0  K2PO           CW    29 dB  28 WPM  CQ      0937Z
2025-11-30 09:37:41Z,7021.4,7021.4,DX de W3OA-#:     7021.4  KB4DX          CW    28 dB  35 WPM  CQ      0937Z
2025-11-30 09:37:41Z,7013.7,7013.7,DX de W3OA-#:     7013.7  K5GN           CW    40 dB  30 WPM  CQ      0937Z
2025-11-30 09:37:41Z,7028.5,7028.5,DX de DK9IP-1-#:   7028.5  I2CZQ          CW    20 dB  29 WPM  CQ      0937Z
2025-11-30 09:37:41Z,7016.6,7016.6,DX de DK9IP-1-#:   7016.6  SP8IOV         CW     7 dB  28 WPM  CQ      0937Z
2025-11-30 09:37:41Z,7002.0,7002.0,DX de JO1YYP-#:   7002.0  RL3FM          CW     9 dB  21 WPM  CQ      0937Z
2025-11-30 09:37:41Z,7007.8,7007.8,DX de DE1LON-#:   7007.8  LZ9W           CW    15 dB  28 WPM  CQ      0937Z
2025-11-30 09:37:41Z,7007.8,7007.8,DX de DF7GB-#:    7007.8  LZ9W           CW    26 dB  28 WPM  CQ      0937Z
2025-11-30 09:37:41Z,7003.7,7003.7,DX de DF7GB-#:    7003.7  PJ4K           CW    34 dB  31 WPM  CQ      0937Z
2025-11-30 09:37:42Z,7029.6,7029.6,DX de DF7GB-#:    7029.6  UR5WD          CW    23 dB  23 WPM  CQ      0937Z
2025-11-30 09:37:42Z,7030.6,7030.6,DX de K2PO/7-#:   7030.6  N2MM           CW    29 dB  28 WPM  CQ      0937Z
2025-11-30 09:37:42Z,7023.5,7023.5,DX de K2PO/7-#:   7023.5  XE2T           CW    29 dB  31 WPM  CQ      0937Z
2025-11-30 09:37:42Z,7033.6,7033.6,DX de SQ5J-#:     7033.6  HG9X           CW    27 dB  33 WPM  CQ      0937Z
2025-11-30 09:37:42Z,7023.5,7023.5,DX de N9CO-#:     7023.5  XE2T           CW    29 dB  29 WPM  CQ      0937Z
2025-11-30 09:37:42Z,7029.6,7029.6,DX de SM1HEV-#:   7029.6  UR5WD          CW     7 dB  23 WPM  CQ      0937Z
2025-11-30 09:37:42Z,7034.1,7034.1,DX de ON7KEC-#:   7034.1  G0SKW          CW    19 dB  22 WPM  CQ      0937Z
2025-11-30 09:37:42Z,7029.7,7029.7,DX de ON7KEC-#:   7029.7  UR5WD          CW    26 dB  23 WPM  CQ      0937Z
2025-11-30 09:37:42Z,7033.8,7033.8,DX de KC4YVA-#:   7033.8  P40L           CW     3 dB  28 WPM  CQ      0937Z
2025-11-30 09:37:42Z,7023.5,7023.5,DX de W8WTS-#:    7023.5  XE2T           CW    15 dB  28 WPM  CQ      0937Z
2025-11-30 09:37:42Z,7007.8,7007.8,DX de TK0C-3-#:   7007.8  LZ9W           CW    14 dB  28 WPM  CQ      0937Z
2025-11-30 09:37:42Z,7013.6,7013.6,DX de F6IIT-#:    7013.6  K5GN           CW    33 dB  30 WPM  CQ      0937Z
2025-11-30 09:37:43Z,7031.7,7031.7,DX de F6IIT-#:    7031.7  IW2HTH         CW    17 dB  29 WPM  CQ      0937Z
2025-11-30 09:37:43Z,7023.5,7023.5,DX de KM3T-5-#:   7023.5  XE2T           CW    31 dB  28 WPM  CQ      0937Z
2025-11-30 09:37:43Z,7011.5,7011.5,DX de BG2TFW-#:   7011.5  BY4JN          CW    18 dB  26 WPM  CQ      0937Z
2025-11-30 09:37:43Z,7029.6,7029.6,DX de DF2CK-#:    7029.6  UR5WD          CW    33 dB  23 WPM  CQ      0937Z
2025-11-30 09:37:43Z,7025.5,7025.5,DX de DF2CK-#:    7025.5  F6HKA          CW    32 dB  32 WPM  CQ      0937Z
2025-11-30 09:37:43Z,7014.5,7014.5,DX de WS3W-#:     7014.5  W7WA           CW    13 dB  29 WPM  CQ      0937Z
2025-11-30 09:37:43Z,7023.5,7023.5,DX de WS3W-#:     7023.5  XE2T           CW    11 dB  28 WPM  CQ      0937Z
2025-11-30 09:37:43Z,7007.8,7007.8,DX de ES5PC-#:    7007.8  LZ9W           CW    16 dB  28 WPM  CQ      0937Z
2025-11-30 09:37:43Z,7029.6,7029.6,DX de ES5PC-#:    7029.6  UR5WD          CW    30 dB  23 WPM  CQ      0937Z
2025-11-30 09:37:43Z,7029.6,7029.6,DX de DL8LAS-#:   7029.6  UR5WD          CW    27 dB  23 WPM  CQ      0937Z
2025-11-30 09:37:43Z,7023.5,7023.5,DX de WV4P-#:     7023.5  XE2T           CW    31 dB  28 WPM  CQ      0937Z
2025-11-30 09:37:43Z,7025.5,7025.5,DX de EA2RCF-4-#:   7025.5  F6HKA          CW    29 dB  32 WPM  CQ      0937Z
2025-11-30 09:37:44Z,7031.8,7031.8,DX de S50U-#:     7031.8  IW2HTH         CW    16 dB  29 WPM  CQ      0937Z
2025-11-30 09:37:44Z,7007.8,7007.8,DX de M1GEO-#:    7007.8  LZ9W           CW     6 dB  28 WPM  CQ      0937Z
2025-11-30 09:37:44Z,7013.7,7013.7,DX de M1GEO-#:    7013.7  K5GN           CW    14 dB  30 WPM  CQ      0937Z
2025-11-30 09:37:44Z,7031.7,7031.7,DX de HA1VHF-#:   7031.7  IW2HTH         CW     7 dB  29 WPM  CQ      0937Z
2025-11-30 09:37:44Z,7029.6,7029.6,DX de HA1VHF-#:   7029.6  UR5WD          CW    27 dB  23 WPM  CQ      0937Z
2025-11-30 09:37:44Z,7001.4,7001.4,DX de HA1VHF-#:   7001.4  OK5NZ          CW    21 dB  27 WPM  CQ      0937Z
2025-11-30 09:37:44Z,7032.0,7032.0,DX de LB9KJ-#:    7032.0  DF0HQE         CW    19 dB  24 WPM  CQ      0937Z
2025-11-30 09:37:44Z,7005.4,7005.4,DX de LB9KJ-#:    7005.4  N2AA           CW    10 dB  29 WPM  CQ      0937Z
2025-11-30 09:37:44Z,7029.6,7029.6,DX de DL1HWS-#:   7029.6  UR5WD          CW    23 dB  23 WPM  CQ      0937Z
2025-11-30 09:37:44Z,7005.4,7005.4,DX de DL1HWS-#:   7005.4  N2AA           CW    18 dB  28 WPM  CQ      0937Z
2025-11-30 09:37:44Z,7025.5,7025.5,DX de DL1HWS-#:   7025.5  F6HKA          CW    29 dB  32 WPM  CQ      0937Z
2025-11-30 09:37:44Z,7024.0,7024.0,DX de W2NNN-#:    7024.0  VP2MMA         CW     5 dB  26 WPM  CQ      0937Z
2025-11-30 09:37:44Z,7029.6,7029.6,DX de OK1FCJ-#:   7029.6  UR5WD          CW    43 dB  23 WPM  CQ      0937Z
2025-11-30 09:37:45Z,7005.8,7005.8,DX de OH4KA-#:    7005.8  OZ5W           CW     5 dB  28 WPM  CQ      0937Z
2025-11-30 09:37:45Z,7007.8,7007.8,DX de DL5RMH-#:   7007.8  LZ9W           CW    17 dB  28 WPM  CQ      0937Z
2025-11-30 09:37:45Z,7018.1,7018.1,DX de DL5RMH-#:   7018.1  II2T           CW    31 dB  30 WPM  CQ      0937Z
2025-11-30 09:37:45Z,7023.5,7023.5,DX de WX7V/5-#:   7023.5  XE2T           CW    38 dB  30 WPM  CQ      0937Z
2025-11-30 09:37:45Z,7029.6,7029.6,DX de HA6PX-#:    7029.6  UR5WD          CW    37 dB  23 WPM  CQ      0937Z
2025-11-30 09:37:45Z,7052.5,7052.5,DX de LZ4AE-#:    7052.5  OK1AY          CW     5 dB  27 WPM  CQ      0937Z
2025-11-30 09:37:45Z,7007.8,7007.8,DX de YO5LD-#:    7007.8  LZ9W           CW    33 dB  28 WPM  CQ      0937Z
2025-11-30 09:37:45Z,7029.6,7029.6,DX de YO5LD-#:    7029.6  UR5WD          CW    20 dB  23 WPM  CQ      0937Z
2025-11-30 09:37:45Z,7001.4,7001.4,DX de YO5LD-#:    7001.4  OK5NZ          CW    16 dB  27 WPM  CQ      0937Z
2025-11-30 09:37:45Z,7029.6,7029.6,DX de DM6EE-#:    7029.6  UR5WD          CW    13 dB  23 WPM  CQ      0937Z
2025-11-30 09:37:45Z,7027.9,7027.9,DX de WZ7I-#:     7027.9  WN7S           CW     5 dB  29 WPM  CQ      0937Z
2025-11-30 09:37:45Z,7016.6,7016.6,DX de DO4DXA-#:   7016.6  SP8IOV         CW    24 dB  28 WPM  CQ      0937Z
2025-11-30 09:37:46Z,7029.6,7029.6,DX de DO4DXA-#:   7029.6  UR5WD          CW    26 dB  23 WPM  CQ      0937Z
2025-11-30 09:37:46Z,7032.0,7032.0,DX de OZ1AAB-#:   7032.0  DF0HQ          CW    19 dB  24 WPM  CQ      0937Z
2025-11-30 09:37:46Z,7012.1,7012.1,DX de OZ1AAB-#:   7012.1  ES9C           CW    35 dB  32 WPM  CQ      0937Z
2025-11-30 09:37:46Z,7016.6,7016.6,DX de PI4CC-#:    7016.6  SP8IOV         CW    15 dB  28 WPM  CQ      0937Z
